year,state,state_code,county,county_code,race,ethnicity,deaths,population,crude_rate,age_adjusted_rate
2018,Illinois,17,"Adams County, IL",17001,Black or African American,Not Hispanic or Latino,25.0,2472.0,1011.3,1076.7
2018,Illinois,17,"Adams County, IL",17001,White,Not Hispanic or Latino,842.0,60140.0,1400.1,830.5
2018,Illinois,17,"Alexander County, IL",17003,Black or African American,Not Hispanic or Latino,27.0,1937.0,1393.9,1178.4
2018,Illinois,17,"Alexander County, IL",17003,White,Not Hispanic or Latino,58.0,3830.0,1514.4,823.0
2018,Illinois,17,"Bond County, IL",17005,White,Not Hispanic or Latino,157.0,14584.0,1076.5,727.3
2018,Illinois,17,"Boone County, IL",17007,White,Hispanic or Latino,27.0,10865.0,248.5,596.8
2018,Illinois,17,"Boone County, IL",17007,White,Not Hispanic or Latino,438.0,38658.0,1133.0,805.7
2018,Illinois,17,"Brown County, IL",17009,White,Not Hispanic or Latino,56.0,4833.0,1158.7,816.8
2018,Illinois,17,"Bureau County, IL",17011,White,Hispanic or Latino,15.0,2867.0,Unreliable,Unreliable
2018,Illinois,17,"Bureau County, IL",17011,White,Not Hispanic or Latino,373.0,28830.0,1293.8,711.3
2018,Illinois,17,"Calhoun County, IL",17013,White,Not Hispanic or Latino,50.0,4671.0,1070.4,581.3
2018,Illinois,17,"Carroll County, IL",17015,White,Not Hispanic or Latino,186.0,13312.0,1397.2,730.4
2018,Illinois,17,"Cass County, IL",17017,White,Not Hispanic or Latino,132.0,9248.0,1427.3,851.1
2018,Illinois,17,"Champaign County, IL",17019,Asian,Not Hispanic or Latino,22.0,23093.0,95.3,253.1
2018,Illinois,17,"Champaign County, IL",17019,Black or African American,Not Hispanic or Latino,209.0,27587.0,757.6,1125.9
2018,Illinois,17,"Champaign County, IL",17019,White,Hispanic or Latino,17.0,10724.0,Unreliable,Unreliable
2018,Illinois,17,"Champaign County, IL",17019,White,Not Hispanic or Latino,1108.0,140360.0,789.4,625.2
2018,Illinois,17,"Christian County, IL",17021,White,Not Hispanic or Latino,424.0,30999.0,1367.8,861.5
2018,Illinois,17,"Clark County, IL",17023,White,Not Hispanic or Latino,206.0,15034.0,1370.2,923.9
2018,Illinois,17,"Clay County, IL",17025,White,Not Hispanic or Latino,182.0,12706.0,1432.4,947.2
2018,Illinois,17,"Clinton County, IL",17027,White,Not Hispanic or Latino,342.0,34386.0,994.6,690.5
2018,Illinois,17,"Coles County, IL",17029,White,Not Hispanic or Latino,511.0,46161.0,1107.0,793.7
2018,Illinois,17,"Cook County, IL",17031,American Indian or Alaska Native,Not Hispanic or Latino,24.0,5971.0,401.9,410.1
2018,Illinois,17,"Cook County, IL",17031,Asian,Not Hispanic or Latino,1431.0,399003.0,358.6,371.6
2018,Illinois,17,"Cook County, IL",17031,Black or African American,Hispanic or Latino,32.0,42528.0,75.2,114.4
2018,Illinois,17,"Cook County, IL",17031,Black or African American,Not Hispanic or Latino,13353.0,1193642.0,1118.7,990.5
2018,Illinois,17,"Cook County, IL",17031,Black or African American,Not Stated,126.0,Not Applicable,Not Applicable,Not Applicable
2018,Illinois,17,"Cook County, IL",17031,White,Hispanic or Latino,3929.0,1210969.0,324.5,503.4
2018,Illinois,17,"Cook County, IL",17031,White,Not Hispanic or Latino,21944.0,2180074.0,1006.6,647.0
2018,Illinois,17,"Cook County, IL",17031,White,Not Stated,148.0,Not Applicable,Not Applicable,Not Applicable
2018,Illinois,17,"Cook County, IL",17031,More than one race,Hispanic or Latino,23.0,25241.0,91.1,177.5
2018,Illinois,17,"Cook County, IL",17031,More than one race,Not Hispanic or Latino,104.0,77762.0,133.7,258.4
2018,Illinois,17,"Crawford County, IL",17033,White,Not Hispanic or Latino,216.0,17074.0,1265.1,837.2
2018,Illinois,17,"Cumberland County, IL",17035,White,Not Hispanic or Latino,111.0,10444.0,1062.8,714.0
2018,Illinois,17,"DeKalb County, IL",17037,Black or African American,Not Hispanic or Latino,23.0,8058.0,285.4,787.1
2018,Illinois,17,"DeKalb County, IL",17037,White,Hispanic or Latino,16.0,10734.0,Unreliable,Unreliable
2018,Illinois,17,"DeKalb County, IL",17037,White,Not Hispanic or Latino,706.0,79415.0,889.0,756.4
2018,Illinois,17,"De Witt County, IL",17039,White,Not Hispanic or Latino,203.0,14885.0,1363.8,970.1
2018,Illinois,17,"Douglas County, IL",17041,White,Not Hispanic or Latino,189.0,17596.0,1074.1,721.3
2018,Illinois,17,"DuPage County, IL",17043,Asian,Not Hispanic or Latino,341.0,115804.0,294.5,335.3
2018,Illinois,17,"DuPage County, IL",17043,Black or African American,Not Hispanic or Latino,236.0,45786.0,515.4,792.9
2018,Illinois,17,"DuPage County, IL",17043,White,Hispanic or Latino,280.0,123605.0,226.5,440.3
2018,Illinois,17,"DuPage County, IL",17043,White,Not Hispanic or Latino,5563.0,616106.0,902.9,618.7
2018,Illinois,17,"DuPage County, IL",17043,More than one race,Not Hispanic or Latino,13.0,15515.0,Unreliable,Unreliable
2018,Illinois,17,"Edgar County, IL",17045,White,Not Hispanic or Latino,234.0,16786.0,1394.0,872.1
2018,Illinois,17,"Edwards County, IL",17047,White,Not Hispanic or Latino,70.0,6152.0,1137.8,741.5
2018,Illinois,17,"Effingham County, IL",17049,White,Not Hispanic or Latino,393.0,32688.0,1202.3,854.8
2018,Illinois,17,"Fayette County, IL",17051,White,Not Hispanic or Latino,227.0,19738.0,1150.1,766.6
2018,Illinois,17,"Ford County, IL",17053,White,Not Hispanic or Latino,204.0,12399.0,1645.3,1001.0
2018,Illinois,17,"Franklin County, IL",17055,White,Not Hispanic or Latino,489.0,37034.0,1320.4,889.1
2018,Illinois,17,"Fulton County, IL",17057,White,Not Hispanic or Latino,485.0,31933.0,1518.8,937.6
2018,Illinois,17,"Gallatin County, IL",17059,White,Not Hispanic or Latino,85.0,4824.0,1762.0,1109.8
2018,Illinois,17,"Greene County, IL",17061,White,Not Hispanic or Latino,157.0,12531.0,1252.9,842.5
2018,Illinois,17,"Grundy County, IL",17063,White,Hispanic or Latino,16.0,4836.0,Unreliable,Unreliable
2018,Illinois,17,"Grundy County, IL",17063,White,Not Hispanic or Latino,392.0,43908.0,892.8,770.2
2018,Illinois,17,"Hamilton County, IL",17065,White,Not Hispanic or Latino,100.0,7842.0,1275.2,759.1
2018,Illinois,17,"Hancock County, IL",17067,White,Not Hispanic or Latino,204.0,17134.0,1190.6,720.4
2018,Illinois,17,"Hardin County, IL",17069,White,Not Hispanic or Latino,64.0,3702.0,1728.8,1005.8
2018,Illinois,17,"Henderson County, IL",17071,White,Not Hispanic or Latino,96.0,6425.0,1494.2,784.9
2018,Illinois,17,"Henry County, IL",17073,White,Not Hispanic or Latino,517.0,44273.0,1167.8,733.0
2018,Illinois,17,"Iroquois County, IL",17075,White,Not Hispanic or Latino,399.0,24789.0,1609.6,930.4
2018,Illinois,17,"Jackson County, IL",17077,Black or African American,Not Hispanic or Latino,56.0,8514.0,657.7,1038.6
2018,Illinois,17,"Jackson County, IL",17077,White,Not Hispanic or Latino,455.0,42433.0,1072.3,808.9
2018,Illinois,17,"Jasper County, IL",17079,White,Not Hispanic or Latino,95.0,9319.0,1019.4,643.5
2018,Illinois,17,"Jefferson County, IL",17081,Black or African American,Not Hispanic or Latino,34.0,3239.0,1049.7,1492.6
2018,Illinois,17,"Jefferson County, IL",17081,White,Not Hispanic or Latino,435.0,32318.0,1346.0,888.1
2018,Illinois,17,"Jersey County, IL",17083,White,Not Hispanic or Latino,273.0,20890.0,1306.8,886.0
2018,Illinois,17,"Jo Daviess County, IL",17085,White,Not Hispanic or Latino,233.0,20185.0,1154.3,622.6
2018,Illinois,17,"Johnson County, IL",17087,White,Not Hispanic or Latino,150.0,11008.0,1362.6,897.1
2018,Illinois,17,"Kane County, IL",17089,Asian,Not Hispanic or Latino,81.0,22338.0,362.6,446.3
2018,Illinois,17,"Kane County, IL",17089,Black or African American,Not Hispanic or Latino,190.0,28364.0,669.9,848.7
2018,Illinois,17,"Kane County, IL",17089,White,Hispanic or Latino,339.0,159177.0,213.0,439.9
2018,Illinois,17,"Kane County, IL",17089,White,Not Hispanic or Latino,2778.0,303211.0,916.2,652.9
2018,Illinois,17,"Kane County, IL",17089,More than one race,Not Hispanic or Latino,10.0,7257.0,Unreliable,Unreliable
2018,Illinois,17,"Kankakee County, IL",17091,Black or African American,Not Hispanic or Latino,163.0,16081.0,1013.6,1092.5
2018,Illinois,17,"Kankakee County, IL",17091,White,Hispanic or Latino,27.0,10516.0,256.8,495.7
2018,Illinois,17,"Kankakee County, IL",17091,White,Not Hispanic or Latino,957.0,79060.0,1210.5,790.0
2018,Illinois,17,"Kendall County, IL",17093,Black or African American,Not Hispanic or Latino,31.0,9217.0,336.3,573.6
2018,Illinois,17,"Kendall County, IL",17093,White,Hispanic or Latino,42.0,22976.0,182.8,449.2
2018,Illinois,17,"Kendall County, IL",17093,White,Not Hispanic or Latino,515.0,87503.0,588.6,626.5
2018,Illinois,17,"Knox County, IL",17095,Black or African American,Not Hispanic or Latino,32.0,3937.0,812.8,1186.7
2018,Illinois,17,"Knox County, IL",17095,White,Hispanic or Latino,10.0,2439.0,Unreliable,Unreliable
2018,Illinois,17,"Knox County, IL",17095,White,Not Hispanic or Latino,635.0,41446.0,1532.1,856.4
2018,Illinois,17,"Lake County, IL",17097,Asian,Not Hispanic or Latino,143.0,56748.0,252.0,331.5
2018,Illinois,17,"Lake County, IL",17097,Black or African American,Not Hispanic or Latino,353.0,47918.0,736.7,903.1
2018,Illinois,17,"Lake County, IL",17097,White,Hispanic or Latino,333.0,140886.0,236.4,528.1
2018,Illinois,17,"Lake County, IL",17097,White,Not Hispanic or Latino,3928.0,427457.0,918.9,640.6
2018,Illinois,17,"LaSalle County, IL",17099,Black or African American,Not Hispanic or Latino,15.0,2859.0,Unreliable,Unreliable
2018,Illinois,17,"LaSalle County, IL",17099,White,Hispanic or Latino,28.0,10238.0,273.5,596.2
2018,Illinois,17,"LaSalle County, IL",17099,White,Not Hispanic or Latino,1297.0,93070.0,1393.6,877.7
2018,Illinois,17,"Lawrence County, IL",17101,White,Not Hispanic or Latino,204.0,13362.0,1526.7,1025.0
2018,Illinois,17,"Lee County, IL",17103,White,Not Hispanic or Latino,367.0,29463.0,1245.6,771.2
2018,Illinois,17,"Livingston County, IL",17105,White,Not Hispanic or Latino,458.0,31797.0,1440.4,900.5
2018,Illinois,17,"Logan County, IL",17107,White,Not Hispanic or Latino,369.0,24924.0,1480.5,924.5
2018,Illinois,17,"McDonough County, IL",17109,White,Not Hispanic or Latino,307.0,26283.0,1168.1,766.1
2018,Illinois,17,"McHenry County, IL",17111,Asian,Not Hispanic or Latino,23.0,8918.0,257.9,285.7
2018,Illinois,17,"McHenry County, IL",17111,Black or African American,Not Hispanic or Latino,16.0,4699.0,Unreliable,Unreliable
2018,Illinois,17,"McHenry County, IL",17111,White,Hispanic or Latino,79.0,38605.0,204.6,433.0
2018,Illinois,17,"McHenry County, IL",17111,White,Not Hispanic or Latino,2101.0,248771.0,844.6,697.5
2018,Illinois,17,"McLean County, IL",17113,Asian,Not Hispanic or Latino,14.0,9237.0,Unreliable,Unreliable
2018,Illinois,17,"McLean County, IL",17113,Black or African American,Not Hispanic or Latino,79.0,13680.0,577.5,1021.3
2018,Illinois,17,"McLean County, IL",17113,White,Hispanic or Latino,14.0,7518.0,Unreliable,Unreliable
2018,Illinois,17,"McLean County, IL",17113,White,Not Hispanic or Latino,1169.0,137031.0,853.1,723.8
2018,Illinois,17,"Macon County, IL",17115,Black or African American,Not Hispanic or Latino,153.0,18092.0,845.7,934.3
2018,Illinois,17,"Macon County, IL",17115,White,Not Hispanic or Latino,1109.0,79775.0,1390.2,806.8
2018,Illinois,17,"Macoupin County, IL",17117,White,Not Hispanic or Latino,550.0,43479.0,1265.0,836.4
2018,Illinois,17,"Madison County, IL",17119,Asian,Not Hispanic or Latino,14.0,2613.0,Unreliable,Unreliable
2018,Illinois,17,"Madison County, IL",17119,Black or African American,Not Hispanic or Latino,187.0,22921.0,815.8,1028.3
2018,Illinois,17,"Madison County, IL",17119,White,Hispanic or Latino,19.0,7775.0,Unreliable,Unreliable
2018,Illinois,17,"Madison County, IL",17119,White,Not Hispanic or Latino,2783.0,224163.0,1241.5,870.8
2018,Illinois,17,"Marion County, IL",17121,Black or African American,Not Hispanic or Latino,16.0,1571.0,Unreliable,Unreliable
2018,Illinois,17,"Marion County, IL",17121,White,Not Hispanic or Latino,530.0,34193.0,1550.0,1010.3
2018,Illinois,17,"Marshall County, IL",17123,White,Not Hispanic or Latino,166.0,10907.0,1522.0,844.8
2018,Illinois,17,"Mason County, IL",17125,White,Not Hispanic or Latino,190.0,13073.0,1453.4,909.5
2018,Illinois,17,"Massac County, IL",17127,White,Not Hispanic or Latino,196.0,12392.0,1581.7,968.7
2018,Illinois,17,"Menard County, IL",17129,White,Not Hispanic or Latino,119.0,11740.0,1013.6,711.9
2018,Illinois,17,"Mercer County, IL",17131,White,Not Hispanic or Latino,216.0,14827.0,1456.8,882.2
2018,Illinois,17,"Monroe County, IL",17133,White,Not Hispanic or Latino,306.0,33072.0,925.3,643.3
2018,Illinois,17,"Montgomery County, IL",17135,White,Not Hispanic or Latino,347.0,26647.0,1302.2,838.5
2018,Illinois,17,"Morgan County, IL",17137,Black or African American,Not Hispanic or Latino,13.0,2335.0,Unreliable,Unreliable
2018,Illinois,17,"Morgan County, IL",17137,White,Not Hispanic or Latino,414.0,29873.0,1385.9,844.1
2018,Illinois,17,"Moultrie County, IL",17139,White,Not Hispanic or Latino,189.0,14193.0,1331.6,850.3
2018,Illinois,17,"Ogle County, IL",17141,White,Hispanic or Latino,13.0,4873.0,Unreliable,Unreliable
2018,Illinois,17,"Ogle County, IL",17141,White,Not Hispanic or Latino,502.0,44088.0,1138.6,762.2
2018,Illinois,17,"Peoria County, IL",17143,Asian,Not Hispanic or Latino,10.0,7370.0,Unreliable,Unreliable
2018,Illinois,17,"Peoria County, IL",17143,Black or African American,Not Hispanic or Latino,279.0,33086.0,843.3,1099.1
2018,Illinois,17,"Peoria County, IL",17143,White,Hispanic or Latino,19.0,7293.0,Unreliable,Unreliable
2018,Illinois,17,"Peoria County, IL",17143,White,Not Hispanic or Latino,1537.0,125878.0,1221.0,788.2
2018,Illinois,17,"Perry County, IL",17145,Black or African American,Not Hispanic or Latino,13.0,1859.0,Unreliable,Unreliable
2018,Illinois,17,"Perry County, IL",17145,White,Not Hispanic or Latino,228.0,18125.0,1257.9,826.8
2018,Illinois,17,"Piatt County, IL",17147,White,Not Hispanic or Latino,151.0,15778.0,957.0,644.6
2018,Illinois,17,"Pike County, IL",17149,White,Not Hispanic or Latino,188.0,14990.0,1254.2,802.3
2018,Illinois,17,"Pope County, IL",17151,White,Not Hispanic or Latino,49.0,3814.0,1284.7,719.1
2018,Illinois,17,"Pulaski County, IL",17153,Black or African American,Not Hispanic or Latino,24.0,1655.0,1450.2,900.3
2018,Illinois,17,"Pulaski County, IL",17153,White,Not Hispanic or Latino,61.0,3478.0,1753.9,1116.2
2018,Illinois,17,"Putnam County, IL",17155,White,Not Hispanic or Latino,55.0,5250.0,1047.6,658.1
2018,Illinois,17,"Randolph County, IL",17157,Black or African American,Not Hispanic or Latino,11.0,3300.0,Unreliable,Unreliable
2018,Illinois,17,"Randolph County, IL",17157,White,Not Hispanic or Latino,365.0,27225.0,1340.7,856.6
2018,Illinois,17,"Richland County, IL",17159,White,Not Hispanic or Latino,197.0,14973.0,1315.7,796.1
2018,Illinois,17,"Rock Island County, IL",17161,Black or African American,Not Hispanic or Latino,105.0,14992.0,700.4,900.2
2018,Illinois,17,"Rock Island County, IL",17161,White,Hispanic or Latino,67.0,16574.0,404.2,580.4
2018,Illinois,17,"Rock Island County, IL",17161,White,Not Hispanic or Latino,1456.0,102065.0,1426.5,808.5
2018,Illinois,17,"St. Clair County, IL",17163,Asian,Not Hispanic or Latino,10.0,3843.0,Unreliable,Unreliable
2018,Illinois,17,"St. Clair County, IL",17163,Black or African American,Not Hispanic or Latino,811.0,79062.0,1025.8,1079.3
2018,Illinois,17,"St. Clair County, IL",17163,White,Hispanic or Latino,27.0,9023.0,299.2,543.5
2018,Illinois,17,"St. Clair County, IL",17163,White,Not Hispanic or Latino,1868.0,160501.0,1163.9,807.9
2018,Illinois,17,"Saline County, IL",17165,Black or African American,Not Hispanic or Latino,10.0,905.0,Unreliable,Unreliable
2018,Illinois,17,"Saline County, IL",17165,White,Not Hispanic or Latino,352.0,21832.0,1612.3,1070.1
2018,Illinois,17,"Sangamon County, IL",17167,Asian,Not Hispanic or Latino,12.0,4062.0,Unreliable,Unreliable
2018,Illinois,17,"Sangamon County, IL",17167,Black or African American,Not Hispanic or Latino,201.0,24965.0,805.1,1121.3
2018,Illinois,17,"Sangamon County, IL",17167,White,Not Hispanic or Latino,1799.0,156729.0,1147.8,766.2
2018,Illinois,17,"Schuyler County, IL",17169,White,Not Hispanic or Latino,114.0,6453.0,1766.6,1057.9
2018,Illinois,17,"Scott County, IL",17171,White,Not Hispanic or Latino,48.0,4773.0,1005.7,664.2
2018,Illinois,17,"Shelby County, IL",17173,White,Not Hispanic or Latino,245.0,21126.0,1159.7,693.1
2018,Illinois,17,"Stark County, IL",17175,White,Not Hispanic or Latino,87.0,5160.0,1686.0,964.5
2018,Illinois,17,"Stephenson County, IL",17177,Black or African American,Not Hispanic or Latino,32.0,4451.0,718.9,878.7
2018,Illinois,17,"Stephenson County, IL",17177,White,Not Hispanic or Latino,513.0,36785.0,1394.6,714.3
2018,Illinois,17,"Tazewell County, IL",17179,White,Not Hispanic or Latino,1435.0,124277.0,1154.7,777.4
2018,Illinois,17,"Union County, IL",17181,White,Not Hispanic or Latino,220.0,15334.0,1434.7,901.9
2018,Illinois,17,"Vermilion County, IL",17183,Black or African American,Not Hispanic or Latino,100.0,10394.0,962.1,1238.5
2018,Illinois,17,"Vermilion County, IL",17183,White,Not Hispanic or Latino,859.0,59855.0,1435.1,878.2
2018,Illinois,17,"Wabash County, IL",17185,White,Not Hispanic or Latino,113.0,10798.0,1046.5,653.1
2018,Illinois,17,"Warren County, IL",17187,White,Not Hispanic or Latino,190.0,14202.0,1337.8,835.1
2018,Illinois,17,"Washington County, IL",17189,White,Not Hispanic or Latino,159.0,13465.0,1180.8,749.1
2018,Illinois,17,"Wayne County, IL",17191,White,Not Hispanic or Latino,199.0,15680.0,1269.1,819.6
2018,Illinois,17,"White County, IL",17193,White,Not Hispanic or Latino,209.0,13151.0,1589.2,931.3
2018,Illinois,17,"Whiteside County, IL",17195,White,Hispanic or Latino,29.0,6142.0,472.2,547.9
2018,Illinois,17,"Whiteside County, IL",17195,White,Not Hispanic or Latino,665.0,46948.0,1416.5,829.0
2018,Illinois,17,"Will County, IL",17197,Asian,Not Hispanic or Latino,103.0,40250.0,255.9,326.4
2018,Illinois,17,"Will County, IL",17197,Black or African American,Not Hispanic or Latino,509.0,80591.0,631.6,814.6
2018,Illinois,17,"Will County, IL",17197,White,Hispanic or Latino,282.0,113964.0,247.4,519.4
2018,Illinois,17,"Will County, IL",17197,White,Not Hispanic or Latino,3891.0,435945.0,892.5,733.7
2018,Illinois,17,"Will County, IL",17197,More than one race,Not Hispanic or Latino,18.0,10999.0,Unreliable,Unreliable
2018,Illinois,17,"Williamson County, IL",17199,Black or African American,Not Hispanic or Latino,19.0,3007.0,Unreliable,Unreliable
2018,Illinois,17,"Williamson County, IL",17199,White,Not Hispanic or Latino,731.0,59903.0,1220.3,840.4
2018,Illinois,17,"Winnebago County, IL",17201,Asian,Not Hispanic or Latino,25.0,7914.0,315.9,336.3
2018,Illinois,17,"Winnebago County, IL",17201,Black or African American,Not Hispanic or Latino,325.0,36992.0,878.6,1069.8
2018,Illinois,17,"Winnebago County, IL",17201,White,Hispanic or Latino,98.0,32733.0,299.4,586.1
2018,Illinois,17,"Winnebago County, IL",17201,White,Not Hispanic or Latino,2601.0,194632.0,1336.4,840.2
2018,Illinois,17,"Woodford County, IL",17203,White,Not Hispanic or Latino,367.0,36693.0,1000.2,701.7
2019,Illinois,17,"Adams County, IL",17001,Black or African American,Not Hispanic or Latino,25.0,2475.0,1010.1,1011.0
2019,Illinois,17,"Adams County, IL",17001,White,Not Hispanic or Latino,755.0,59810.0,1262.3,754.4
2019,Illinois,17,"Alexander County, IL",17003,Black or African American,Not Hispanic or Latino,32.0,1806.0,1771.9,1299.6
2019,Illinois,17,"Alexander County, IL",17003,White,Not Hispanic or Latino,79.0,3672.0,2151.4,1334.2
2019,Illinois,17,"Bond County, IL",17005,White,Not Hispanic or Latino,172.0,14354.0,1198.3,779.4
2019,Illinois,17,"Boone County, IL",17007,White,Hispanic or Latino,13.0,11056.0,Unreliable,Unreliable
2019,Illinois,17,"Boone County, IL",17007,White,Not Hispanic or Latino,373.0,38474.0,969.5,676.7
2019,Illinois,17,"Brown County, IL",17009,White,Not Hispanic or Latino,54.0,4830.0,1118.0,790.1
2019,Illinois,17,"Bureau County, IL",17011,White,Not Hispanic or Latino,423.0,28480.0,1485.3,790.2
2019,Illinois,17,"Calhoun County, IL",17013,White,Not Hispanic or Latino,59.0,4600.0,1282.6,659.3
2019,Illinois,17,"Carroll County, IL",17015,White,Not Hispanic or Latino,183.0,13275.0,1378.5,727.7
2019,Illinois,17,"Cass County, IL",17017,White,Not Hispanic or Latino,144.0,9057.0,1589.9,988.1
2019,Illinois,17,"Champaign County, IL",17019,Asian,Not Hispanic or Latino,17.0,22652.0,Unreliable,Unreliable
2019,Illinois,17,"Champaign County, IL",17019,Black or African American,Not Hispanic or Latino,183.0,28110.0,651.0,931.9
2019,Illinois,17,"Champaign County, IL",17019,White,Hispanic or Latino,12.0,10976.0,Unreliable,Unreliable
2019,Illinois,17,"Champaign County, IL",17019,White,Not Hispanic or Latino,1170.0,139580.0,838.2,657.3
2019,Illinois,17,"Christian County, IL",17021,White,Not Hispanic or Latino,447.0,30617.0,1460.0,911.8
2019,Illinois,17,"Clark County, IL",17023,White,Not Hispanic or Latino,204.0,14905.0,1368.7,889.5
2019,Illinois,17,"Clay County, IL",17025,White,Not Hispanic or Latino,152.0,12629.0,1203.6,787.1
2019,Illinois,17,"Clinton County, IL",17027,White,Not Hispanic or Latino,335.0,34269.0,977.6,663.0
2019,Illinois,17,"Coles County, IL",17029,White,Not Hispanic or Latino,521.0,45911.0,1134.8,796.0
2019,Illinois,17,"Cook County, IL",17031,American Indian or Alaska Native,Not Hispanic or Latino,23.0,5975.0,384.9,382.2
2019,Illinois,17,"Cook County, IL",17031,Asian,Not Hispanic or Latino,1388.0,398201.0,348.6,343.0
2019,Illinois,17,"Cook County, IL",17031,Black or African American,Hispanic or Latino,31.0,42242.0,73.4,106.8
2019,Illinois,17,"Cook County, IL",17031,Black or African American,Not Hispanic or Latino,13259.0,1184247.0,1119.6,973.6
2019,Illinois,17,"Cook County, IL",17031,Black or African American,Not Stated,111.0,Not Applicable,Not Applicable,Not Applicable
2019,Illinois,17,"Cook County, IL",17031,White,Hispanic or Latino,4046.0,1207927.0,335.0,500.0
2019,Illinois,17,"Cook County, IL",17031,White,Not Hispanic or Latino,21609.0,2162156.0,999.4,638.4
2019,Illinois,17,"Cook County, IL",17031,White,Not Stated,169.0,Not Applicable,Not Applicable,Not Applicable
2019,Illinois,17,"Cook County, IL",17031,More than one race,Hispanic or Latino,72.0,25423.0,283.2,582.2
2019,Illinois,17,"Cook County, IL",17031,More than one race,Not Hispanic or Latino,126.0,79343.0,158.8,320.3
2019,Illinois,17,"Crawford County, IL",17033,White,Not Hispanic or Latino,198.0,16899.0,1171.7,754.5
2019,Illinois,17,"Cumberland County, IL",17035,White,Not Hispanic or Latino,111.0,10397.0,1067.6,687.9
2019,Illinois,17,"DeKalb County, IL",17037,Black or African American,Not Hispanic or Latino,27.0,8421.0,320.6,967.9
2019,Illinois,17,"DeKalb County, IL",17037,White,Hispanic or Latino,31.0,11021.0,281.3,616.4
2019,Illinois,17,"DeKalb County, IL",17037,White,Not Hispanic or Latino,679.0,79526.0,853.8,722.6
2019,Illinois,17,"De Witt County, IL",17039,White,Not Hispanic or Latino,218.0,14772.0,1475.8,969.5
2019,Illinois,17,"Douglas County, IL",17041,White,Not Hispanic or Latino,181.0,17524.0,1032.9,708.1
2019,Illinois,17,"DuPage County, IL",17043,Asian,Not Hispanic or Latino,348.0,116160.0,299.6,319.6
2019,Illinois,17,"DuPage County, IL",17043,Black or African American,Not Hispanic or Latino,243.0,45847.0,530.0,776.7
2019,Illinois,17,"DuPage County, IL",17043,White,Hispanic or Latino,251.0,123979.0,202.5,407.7
2019,Illinois,17,"DuPage County, IL",17043,White,Not Hispanic or Latino,5524.0,609335.0,906.6,608.7
2019,Illinois,17,"DuPage County, IL",17043,More than one race,Not Hispanic or Latino,23.0,15943.0,144.3,481.7
2019,Illinois,17,"Edgar County, IL",17045,White,Not Hispanic or Latino,249.0,16571.0,1502.6,896.9
2019,Illinois,17,"Edwards County, IL",17047,White,Not Hispanic or Latino,80.0,6163.0,1298.1,883.6
2019,Illinois,17,"Effingham County, IL",17049,White,Not Hispanic or Latino,366.0,32500.0,1126.2,800.6
2019,Illinois,17,"Fayette County, IL",17051,White,Not Hispanic or Latino,226.0,19642.0,1150.6,764.0
2019,Illinois,17,"Ford County, IL",17053,White,Not Hispanic or Latino,172.0,12073.0,1424.7,840.0
2019,Illinois,17,"Franklin County, IL",17055,White,Not Hispanic or Latino,528.0,36816.0,1434.2,952.0
2019,Illinois,17,"Fulton County, IL",17057,White,Not Hispanic or Latino,492.0,31421.0,1565.8,949.8
2019,Illinois,17,"Gallatin County, IL",17059,White,Not Hispanic or Latino,73.0,4602.0,1586.3,1070.1
2019,Illinois,17,"Greene County, IL",17061,White,Not Hispanic or Latino,151.0,12467.0,1211.2,786.6
2019,Illinois,17,"Grundy County, IL",17063,White,Not Hispanic or Latino,440.0,43817.0,1004.2,862.4
2019,Illinois,17,"Hamilton County, IL",17065,White,Not Hispanic or Latino,111.0,7786.0,1425.6,835.9
2019,Illinois,17,"Hancock County, IL",17067,White,Not Hispanic or Latino,200.0,17010.0,1175.8,699.7
2019,Illinois,17,"Hardin County, IL",17069,White,Not Hispanic or Latino,58.0,3611.0,1606.2,961.4
2019,Illinois,17,"Henderson County, IL",17071,White,Not Hispanic or Latino,89.0,6352.0,1401.1,832.3
2019,Illinois,17,"Henry County, IL",17073,White,Not Hispanic or Latino,530.0,44117.0,1201.4,741.4
2019,Illinois,17,"Iroquois County, IL",17075,White,Not Hispanic or Latino,355.0,24294.0,1461.3,871.7
2019,Illinois,17,"Jackson County, IL",17077,Black or African American,Not Hispanic or Latino,56.0,8411.0,665.8,992.2
2019,Illinois,17,"Jackson County, IL",17077,White,Not Hispanic or Latino,420.0,41993.0,1000.2,724.7
2019,Illinois,17,"Jasper County, IL",17079,White,Not Hispanic or Latino,96.0,9284.0,1034.0,665.5
2019,Illinois,17,"Jefferson County, IL",17081,Black or African American,Not Hispanic or Latino,17.0,3211.0,Unreliable,Unreliable
2019,Illinois,17,"Jefferson County, IL",17081,White,Not Hispanic or Latino,439.0,32147.0,1365.6,876.2
2019,Illinois,17,"Jersey County, IL",17083,White,Not Hispanic or Latino,294.0,20761.0,1416.1,947.4
2019,Illinois,17,"Jo Daviess County, IL",17085,White,Not Hispanic or Latino,222.0,20052.0,1107.1,580.2
2019,Illinois,17,"Johnson County, IL",17087,White,Not Hispanic or Latino,128.0,10976.0,1166.2,711.6
2019,Illinois,17,"Kane County, IL",17089,Asian,Not Hispanic or Latino,62.0,22260.0,278.5,299.4
2019,Illinois,17,"Kane County, IL",17089,Black or African American,Not Hispanic or Latino,185.0,28203.0,656.0,789.0
2019,Illinois,17,"Kane County, IL",17089,White,Hispanic or Latino,355.0,159355.0,222.8,433.8
2019,Illinois,17,"Kane County, IL",17089,White,Not Hispanic or Latino,2700.0,301450.0,895.7,624.9
2019,Illinois,17,"Kane County, IL",17089,More than one race,Not Hispanic or Latino,13.0,7347.0,Unreliable,Unreliable
2019,Illinois,17,"Kankakee County, IL",17091,Black or African American,Not Hispanic or Latino,149.0,16044.0,928.7,988.6
2019,Illinois,17,"Kankakee County, IL",17091,White,Hispanic or Latino,30.0,10731.0,279.6,608.5
2019,Illinois,17,"Kankakee County, IL",17091,White,Not Hispanic or Latino,953.0,78654.0,1211.6,781.1
2019,Illinois,17,"Kendall County, IL",17093,Asian,Not Hispanic or Latino,13.0,4119.0,Unreliable,Unreliable
2019,Illinois,17,"Kendall County, IL",17093,Black or African American,Not Hispanic or Latino,46.0,9590.0,479.7,1171.8
2019,Illinois,17,"Kendall County, IL",17093,White,Hispanic or Latino,59.0,23849.0,247.4,617.6
2019,Illinois,17,"Kendall County, IL",17093,White,Not Hispanic or Latino,524.0,86987.0,602.4,617.1
2019,Illinois,17,"Knox County, IL",17095,Black or African American,Not Hispanic or Latino,21.0,3968.0,529.2,795.2
2019,Illinois,17,"Knox County, IL",17095,White,Hispanic or Latino,16.0,2492.0,Unreliable,Unreliable
2019,Illinois,17,"Knox County, IL",17095,White,Not Hispanic or Latino,660.0,40960.0,1611.3,887.0
2019,Illinois,17,"Lake County, IL",17097,Asian,Not Hispanic or Latino,150.0,57514.0,260.8,316.9
2019,Illinois,17,"Lake County, IL",17097,Black or African American,Not Hispanic or Latino,382.0,47585.0,802.8,979.6
2019,Illinois,17,"Lake County, IL",17097,White,Hispanic or Latino,333.0,141701.0,235.0,509.7
2019,Illinois,17,"Lake County, IL",17097,White,Not Hispanic or Latino,3946.0,421776.0,935.6,635.3
2019,Illinois,17,"Lake County, IL",17097,More than one race,Not Hispanic or Latino,10.0,12016.0,Unreliable,Unreliable
2019,Illinois,17,"LaSalle County, IL",17099,Black or African American,Not Hispanic or Latino,20.0,2879.0,694.7,1974.1
2019,Illinois,17,"LaSalle County, IL",17099,White,Hispanic or Latino,33.0,10408.0,317.1,554.3
2019,Illinois,17,"LaSalle County, IL",17099,White,Not Hispanic or Latino,1269.0,92090.0,1378.0,857.6
2019,Illinois,17,"Lawrence County, IL",17101,White,Not Hispanic or Latino,185.0,13229.0,1398.4,925.0
2019,Illinois,17,"Lee County, IL",17103,Black or African American,Not Hispanic or Latino,13.0,1839.0,Unreliable,Unreliable
2019,Illinois,17,"Lee County, IL",17103,White,Not Hispanic or Latino,382.0,29277.0,1304.8,788.8
2019,Illinois,17,"Livingston County, IL",17105,White,Not Hispanic or Latino,442.0,31646.0,1396.7,875.1
2019,Illinois,17,"Logan County, IL",17107,White,Not Hispanic or Latino,320.0,24594.0,1301.1,807.5
2019,Illinois,17,"McDonough County, IL",17109,Black or African American,Not Hispanic or Latino,11.0,1550.0,Unreliable,Unreliable
2019,Illinois,17,"McDonough County, IL",17109,White,Not Hispanic or Latino,323.0,26003.0,1242.2,831.6
2019,Illinois,17,"McHenry County, IL",17111,Asian,Not Hispanic or Latino,29.0,8951.0,324.0,349.9
2019,Illinois,17,"McHenry County, IL",17111,White,Hispanic or Latino,94.0,39703.0,236.8,532.5
2019,Illinois,17,"McHenry County, IL",17111,White,Not Hispanic or Latino,2011.0,246482.0,815.9,652.5
2019,Illinois,17,"McLean County, IL",17113,Asian,Not Hispanic or Latino,16.0,8653.0,Unreliable,Unreliable
2019,Illinois,17,"McLean County, IL",17113,Black or African American,Not Hispanic or Latino,76.0,13938.0,545.3,976.8
2019,Illinois,17,"McLean County, IL",17113,White,Hispanic or Latino,16.0,7617.0,Unreliable,Unreliable
2019,Illinois,17,"McLean County, IL",17113,White,Not Hispanic or Latino,1112.0,135924.0,818.1,683.0
2019,Illinois,17,"Macon County, IL",17115,Black or African American,Not Hispanic or Latino,172.0,18235.0,943.2,1070.8
2019,Illinois,17,"Macon County, IL",17115,White,Not Hispanic or Latino,1100.0,78877.0,1394.6,807.9
2019,Illinois,17,"Macoupin County, IL",17117,White,Not Hispanic or Latino,546.0,43111.0,1266.5,833.6
2019,Illinois,17,"Madison County, IL",17119,Black or African American,Not Hispanic or Latino,197.0,22862.0,861.7,1101.5
2019,Illinois,17,"Madison County, IL",17119,White,Hispanic or Latino,21.0,7861.0,267.1,390.9
2019,Illinois,17,"Madison County, IL",17119,White,Not Hispanic or Latino,2734.0,222583.0,1228.3,862.1
2019,Illinois,17,"Marion County, IL",17121,Black or African American,Not Hispanic or Latino,18.0,1549.0,Unreliable,Unreliable
2019,Illinois,17,"Marion County, IL",17121,White,Not Hispanic or Latino,464.0,33830.0,1371.6,906.8
2019,Illinois,17,"Marshall County, IL",17123,White,Not Hispanic or Latino,152.0,10805.0,1406.8,806.5
2019,Illinois,17,"Mason County, IL",17125,White,Not Hispanic or Latino,189.0,12857.0,1470.0,873.1
2019,Illinois,17,"Massac County, IL",17127,Black or African American,Not Hispanic or Latino,15.0,802.0,Unreliable,Unreliable
2019,Illinois,17,"Massac County, IL",17127,White,Not Hispanic or Latino,176.0,12080.0,1457.0,882.7
2019,Illinois,17,"Menard County, IL",17129,White,Not Hispanic or Latino,116.0,11643.0,996.3,666.0
2019,Illinois,17,"Mercer County, IL",17131,White,Not Hispanic or Latino,180.0,14645.0,1229.1,730.5
2019,Illinois,17,"Monroe County, IL",17133,White,Not Hispanic or Latino,330.0,33329.0,990.1,683.5
2019,Illinois,17,"Montgomery County, IL",17135,White,Not Hispanic or Latino,374.0,26419.0,1415.6,845.3
2019,Illinois,17,"Morgan County, IL",17137,White,Not Hispanic or Latino,414.0,29539.0,1401.5,850.2
2019,Illinois,17,"Moultrie County, IL",17139,White,Not Hispanic or Latino,210.0,13918.0,1508.8,962.9
2019,Illinois,17,"Ogle County, IL",17141,White,Hispanic or Latino,20.0,4943.0,404.6,840.3
2019,Illinois,17,"Ogle County, IL",17141,White,Not Hispanic or Latino,522.0,43719.0,1194.0,773.7
2019,Illinois,17,"Peoria County, IL",17143,Asian,Not Hispanic or Latino,15.0,7232.0,Unreliable,Unreliable
2019,Illinois,17,"Peoria County, IL",17143,Black or African American,Not Hispanic or Latino,307.0,33028.0,929.5,1166.8
2019,Illinois,17,"Peoria County, IL",17143,White,Hispanic or Latino,14.0,7436.0,Unreliable,Unreliable
2019,Illinois,17,"Peoria County, IL",17143,White,Not Hispanic or Latino,1496.0,124312.0,1203.4,757.6
2019,Illinois,17,"Perry County, IL",17145,White,Not Hispanic or Latino,230.0,17849.0,1288.6,838.2
2019,Illinois,17,"Piatt County, IL",17147,White,Not Hispanic or Latino,174.0,15682.0,1109.6,766.0
2019,Illinois,17,"Pike County, IL",17149,White,Not Hispanic or Latino,213.0,14900.0,1429.5,890.9
2019,Illinois,17,"Pope County, IL",17151,White,Not Hispanic or Latino,47.0,3780.0,1243.4,597.7
2019,Illinois,17,"Pulaski County, IL",17153,Black or African American,Not Hispanic or Latino,31.0,1601.0,1936.3,1242.8
2019,Illinois,17,"Pulaski County, IL",17153,White,Not Hispanic or Latino,58.0,3378.0,1717.0,1011.1
2019,Illinois,17,"Putnam County, IL",17155,White,Not Hispanic or Latino,54.0,5240.0,1030.5,666.7
2019,Illinois,17,"Randolph County, IL",17157,Black or African American,Not Hispanic or Latino,11.0,3311.0,Unreliable,Unreliable
2019,Illinois,17,"Randolph County, IL",17157,White,Not Hispanic or Latino,347.0,26843.0,1292.7,764.5
2019,Illinois,17,"Richland County, IL",17159,White,Not Hispanic or Latino,195.0,14710.0,1325.6,781.9
2019,Illinois,17,"Rock Island County, IL",17161,Black or African American,Not Hispanic or Latino,119.0,14947.0,796.1,1044.6
2019,Illinois,17,"Rock Island County, IL",17161,White,Hispanic or Latino,50.0,16508.0,302.9,404.9
2019,Illinois,17,"Rock Island County, IL",17161,White,Not Hispanic or Latino,1413.0,100683.0,1403.4,807.5
2019,Illinois,17,"St. Clair County, IL",17163,Black or African American,Not Hispanic or Latino,768.0,78578.0,977.4,1015.8
2019,Illinois,17,"St. Clair County, IL",17163,White,Hispanic or Latino,17.0,9294.0,Unreliable,Unreliable
2019,Illinois,17,"St. Clair County, IL",17163,White,Not Hispanic or Latino,1816.0,158986.0,1142.2,785.7
2019,Illinois,17,"Saline County, IL",17165,Black or African American,Not Hispanic or Latino,12.0,872.0,Unreliable,Unreliable
2019,Illinois,17,"Saline County, IL",17165,White,Not Hispanic or Latino,352.0,21511.0,1636.4,1082.1
2019,Illinois,17,"Sangamon County, IL",17167,Asian,Not Hispanic or Latino,11.0,4149.0,Unreliable,Unreliable
2019,Illinois,17,"Sangamon County, IL",17167,Black or African American,Not Hispanic or Latino,164.0,24945.0,657.4,895.5
2019,Illinois,17,"Sangamon County, IL",17167,White,Not Hispanic or Latino,1807.0,155756.0,1160.1,766.1
2019,Illinois,17,"Schuyler County, IL",17169,White,Not Hispanic or Latino,72.0,6289.0,1144.9,681.4
2019,Illinois,17,"Scott County, IL",17171,White,Not Hispanic or Latino,66.0,4761.0,1386.3,883.7
2019,Illinois,17,"Shelby County, IL",17173,White,Not Hispanic or Latino,263.0,20977.0,1253.8,752.2
2019,Illinois,17,"Stark County, IL",17175,White,Not Hispanic or Latino,66.0,5067.0,1302.5,827.1
2019,Illinois,17,"Stephenson County, IL",17177,Black or African American,Not Hispanic or Latino,41.0,4488.0,913.5,1030.5
2019,Illinois,17,"Stephenson County, IL",17177,White,Not Hispanic or Latino,519.0,36396.0,1426.0,734.4
2019,Illinois,17,"Tazewell County, IL",17179,White,Not Hispanic or Latino,1398.0,123530.0,1131.7,755.0
2019,Illinois,17,"Union County, IL",17181,White,Not Hispanic or Latino,240.0,15162.0,1582.9,996.4
2019,Illinois,17,"Vermilion County, IL",17183,Black or African American,Not Hispanic or Latino,104.0,10257.0,1013.9,1315.5
2019,Illinois,17,"Vermilion County, IL",17183,White,Hispanic or Latino,11.0,3271.0,Unreliable,Unreliable
2019,Illinois,17,"Vermilion County, IL",17183,White,Not Hispanic or Latino,876.0,58966.0,1485.6,922.7
2019,Illinois,17,"Wabash County, IL",17185,White,Not Hispanic or Latino,128.0,10716.0,1194.5,711.5
2019,Illinois,17,"Warren County, IL",17187,White,Not Hispanic or Latino,193.0,14010.0,1377.6,870.2
2019,Illinois,17,"Washington County, IL",17189,White,Not Hispanic or Latino,132.0,13330.0,990.2,621.8
2019,Illinois,17,"Wayne County, IL",17191,White,Not Hispanic or Latino,222.0,15563.0,1426.5,885.7
2019,Illinois,17,"White County, IL",17193,White,Not Hispanic or Latino,231.0,12985.0,1779.0,1088.6
2019,Illinois,17,"Whiteside County, IL",17195,White,Hispanic or Latino,40.0,6216.0,643.5,738.8
2019,Illinois,17,"Whiteside County, IL",17195,White,Not Hispanic or Latino,614.0,46372.0,1324.1,754.3
2019,Illinois,17,"Will County, IL",17197,Asian,Not Hispanic or Latino,104.0,40810.0,254.8,308.5
2019,Illinois,17,"Will County, IL",17197,Black or African American,Not Hispanic or Latino,508.0,81001.0,627.2,813.1
2019,Illinois,17,"Will County, IL",17197,White,Hispanic or Latino,289.0,115598.0,250.0,488.1
2019,Illinois,17,"Will County, IL",17197,White,Not Hispanic or Latino,3902.0,431444.0,904.4,725.1
2019,Illinois,17,"Will County, IL",17197,More than one race,Not Hispanic or Latino,17.0,11106.0,Unreliable,Unreliable
2019,Illinois,17,"Williamson County, IL",17199,Black or African American,Not Hispanic or Latino,18.0,2992.0,Unreliable,Unreliable
2019,Illinois,17,"Williamson County, IL",17199,White,Not Hispanic or Latino,692.0,59449.0,1164.0,784.6
2019,Illinois,17,"Winnebago County, IL",17201,Asian,Not Hispanic or Latino,31.0,7785.0,398.2,399.0
2019,Illinois,17,"Winnebago County, IL",17201,Black or African American,Not Hispanic or Latino,323.0,37708.0,856.6,1057.9
2019,Illinois,17,"Winnebago County, IL",17201,White,Hispanic or Latino,97.0,33577.0,288.9,543.6
2019,Illinois,17,"Winnebago County, IL",17201,White,Not Hispanic or Latino,2530.0,191415.0,1321.7,815.5
2019,Illinois,17,"Winnebago County, IL",17201,More than one race,Not Hispanic or Latino,20.0,6838.0,292.5,856.2
2019,Illinois,17,"Woodford County, IL",17203,White,Not Hispanic or Latino,391.0,36635.0,1067.3,708.8
2020,Illinois,17,"Adams County, IL",17001,Black or African American,Not Hispanic or Latino,26.0,2550.0,1019.6,1062.4
2020,Illinois,17,"Adams County, IL",17001,White,Not Hispanic or Latino,844.0,59042.0,1429.5,848.3
2020,Illinois,17,"Alexander County, IL",17003,Black or African American,Not Hispanic or Latino,37.0,1683.0,2198.5,1744.1
2020,Illinois,17,"Alexander County, IL",17003,White,Not Hispanic or Latino,76.0,3514.0,2162.8,1187.2
2020,Illinois,17,"Bond County, IL",17005,White,Not Hispanic or Latino,196.0,14173.0,1382.9,855.8
2020,Illinois,17,"Boone County, IL",17007,White,Hispanic or Latino,29.0,11018.0,263.2,613.7
2020,Illinois,17,"Boone County, IL",17007,White,Not Hispanic or Latino,448.0,37752.0,1186.7,814.2
2020,Illinois,17,"Brown County, IL",17009,White,Not Hispanic or Latino,69.0,4809.0,1434.8,953.9
2020,Illinois,17,"Bureau County, IL",17011,White,Hispanic or Latino,13.0,2838.0,Unreliable,Unreliable
2020,Illinois,17,"Bureau County, IL",17011,White,Not Hispanic or Latino,459.0,28136.0,1631.4,913.9
2020,Illinois,17,"Calhoun County, IL",17013,White,Not Hispanic or Latino,68.0,4474.0,1519.9,883.5
2020,Illinois,17,"Carroll County, IL",17015,White,Not Hispanic or Latino,247.0,13185.0,1873.3,973.2
2020,Illinois,17,"Cass County, IL",17017,White,Not Hispanic or Latino,159.0,8790.0,1808.9,1075.5
2020,Illinois,17,"Champaign County, IL",17019,Asian,Not Hispanic or Latino,27.0,22325.0,120.9,326.1
2020,Illinois,17,"Champaign County, IL",17019,Black or African American,Not Hispanic or Latino,222.0,28583.0,776.7,1122.0
2020,Illinois,17,"Champaign County, IL",17019,White,Hispanic or Latino,31.0,11137.0,278.4,690.1
2020,Illinois,17,"Champaign County, IL",17019,White,Not Hispanic or Latino,1227.0,138380.0,886.7,676.8
2020,Illinois,17,"Christian County, IL",17021,White,Not Hispanic or Latino,477.0,30387.0,1569.8,980.6
2020,Illinois,17,"Clark County, IL",17023,White,Not Hispanic or Latino,226.0,14740.0,1533.2,982.9
2020,Illinois,17,"Clay County, IL",17025,White,Not Hispanic or Latino,189.0,12499.0,1512.1,995.7
2020,Illinois,17,"Clinton County, IL",17027,White,Not Hispanic or Latino,410.0,34085.0,1202.9,802.0
2020,Illinois,17,"Coles County, IL",17029,Black or African American,Not Hispanic or Latino,10.0,1946.0,Unreliable,Unreliable
2020,Illinois,17,"Coles County, IL",17029,White,Not Hispanic or Latino,605.0,45527.0,1328.9,944.1
2020,Illinois,17,"Cook County, IL",17031,American Indian or Alaska Native,Hispanic or Latino,11.0,32372.0,Unreliable,Unreliable
2020,Illinois,17,"Cook County, IL",17031,American Indian or Alaska Native,Not Hispanic or Latino,43.0,6116.0,703.1,665.0
2020,Illinois,17,"Cook County, IL",17031,Asian,Not Hispanic or Latino,2039.0,403784.0,505.0,478.5
2020,Illinois,17,"Cook County, IL",17031,Black or African American,Hispanic or Latino,43.0,44831.0,95.9,155.0
2020,Illinois,17,"Cook County, IL",17031,Black or African American,Not Hispanic or Latino,17554.0,1174662.0,1494.4,1282.4
2020,Illinois,17,"Cook County, IL",17031,Black or African American,Not Stated,61.0,Not Applicable,Not Applicable,Not Applicable
2020,Illinois,17,"Cook County, IL",17031,White,Hispanic or Latino,6449.0,1193748.0,540.2,771.6
2020,Illinois,17,"Cook County, IL",17031,White,Not Hispanic or Latino,25434.0,2131758.0,1193.1,755.6
2020,Illinois,17,"Cook County, IL",17031,White,Not Stated,192.0,Not Applicable,Not Applicable,Not Applicable
2020,Illinois,17,"Cook County, IL",17031,More than one race,Hispanic or Latino,82.0,26155.0,313.5,656.6
2020,Illinois,17,"Cook County, IL",17031,More than one race,Not Hispanic or Latino,158.0,81464.0,194.0,362.4
2020,Illinois,17,"Crawford County, IL",17033,White,Not Hispanic or Latino,227.0,16766.0,1353.9,863.0
2020,Illinois,17,"Cumberland County, IL",17035,White,Not Hispanic or Latino,132.0,10252.0,1287.6,816.4
2020,Illinois,17,"DeKalb County, IL",17037,Black or African American,Not Hispanic or Latino,46.0,8692.0,529.2,1838.3
2020,Illinois,17,"DeKalb County, IL",17037,White,Hispanic or Latino,24.0,11264.0,213.1,457.2
2020,Illinois,17,"DeKalb County, IL",17037,White,Not Hispanic or Latino,812.0,78421.0,1035.4,856.0
2020,Illinois,17,"De Witt County, IL",17039,White,Not Hispanic or Latino,241.0,14495.0,1662.6,1104.3
2020,Illinois,17,"Douglas County, IL",17041,White,Not Hispanic or Latino,222.0,17513.0,1267.6,848.8
2020,Illinois,17,"DuPage County, IL",17043,Asian,Not Hispanic or Latino,489.0,118600.0,412.3,415.4
2020,Illinois,17,"DuPage County, IL",17043,Black or African American,Not Hispanic or Latino,333.0,46058.0,723.0,1092.3
2020,Illinois,17,"DuPage County, IL",17043,White,Hispanic or Latino,432.0,123688.0,349.3,639.4
2020,Illinois,17,"DuPage County, IL",17043,White,Not Hispanic or Latino,6331.0,600575.0,1054.2,696.0
2020,Illinois,17,"DuPage County, IL",17043,More than one race,Not Hispanic or Latino,22.0,16229.0,135.6,430.9
2020,Illinois,17,"Edgar County, IL",17045,White,Not Hispanic or Latino,286.0,16277.0,1757.1,1060.9
2020,Illinois,17,"Edwards County, IL",17047,White,Not Hispanic or Latino,92.0,6120.0,1503.3,899.9
2020,Illinois,17,"Effingham County, IL",17049,White,Not Hispanic or Latino,439.0,32559.0,1348.3,952.1
2020,Illinois,17,"Fayette County, IL",17051,White,Not Hispanic or Latino,271.0,19555.0,1385.8,898.5
2020,Illinois,17,"Ford County, IL",17053,White,Not Hispanic or Latino,233.0,11966.0,1947.2,1145.6
2020,Illinois,17,"Franklin County, IL",17055,White,Not Hispanic or Latino,606.0,36339.0,1667.6,1101.7
2020,Illinois,17,"Fulton County, IL",17057,White,Not Hispanic or Latino,543.0,30759.0,1765.3,1048.3
2020,Illinois,17,"Gallatin County, IL",17059,White,Not Hispanic or Latino,81.0,4565.0,1774.4,1109.5
2020,Illinois,17,"Greene County, IL",17061,White,Not Hispanic or Latino,199.0,12221.0,1628.3,1118.1
2020,Illinois,17,"Grundy County, IL",17063,White,Hispanic or Latino,20.0,5053.0,395.8,971.4
2020,Illinois,17,"Grundy County, IL",17063,White,Not Hispanic or Latino,519.0,43507.0,1192.9,993.8
2020,Illinois,17,"Hamilton County, IL",17065,White,Not Hispanic or Latino,129.0,7704.0,1674.5,1032.2
2020,Illinois,17,"Hancock County, IL",17067,White,Not Hispanic or Latino,271.0,16678.0,1624.9,901.3
2020,Illinois,17,"Hardin County, IL",17069,White,Not Hispanic or Latino,73.0,3610.0,2022.2,1162.6
2020,Illinois,17,"Henderson County, IL",17071,White,Not Hispanic or Latino,106.0,6249.0,1696.3,837.1
2020,Illinois,17,"Henry County, IL",17073,White,Hispanic or Latino,10.0,2653.0,Unreliable,Unreliable
2020,Illinois,17,"Henry County, IL",17073,White,Not Hispanic or Latino,668.0,43513.0,1535.2,915.7
2020,Illinois,17,"Iroquois County, IL",17075,White,Not Hispanic or Latino,432.0,23895.0,1807.9,994.3
2020,Illinois,17,"Jackson County, IL",17077,Black or African American,Not Hispanic or Latino,64.0,8613.0,743.1,1080.1
2020,Illinois,17,"Jackson County, IL",17077,White,Not Hispanic or Latino,540.0,41849.0,1290.4,946.1
2020,Illinois,17,"Jasper County, IL",17079,White,Not Hispanic or Latino,100.0,9180.0,1089.3,664.7
2020,Illinois,17,"Jefferson County, IL",17081,Black or African American,Not Hispanic or Latino,35.0,3128.0,1118.9,1705.1
2020,Illinois,17,"Jefferson County, IL",17081,White,Not Hispanic or Latino,521.0,31711.0,1643.0,1063.5
2020,Illinois,17,"Jersey County, IL",17083,White,Not Hispanic or Latino,322.0,20633.0,1560.6,1059.0
2020,Illinois,17,"Jo Daviess County, IL",17085,White,Not Hispanic or Latino,301.0,20035.0,1502.4,780.3
2020,Illinois,17,"Johnson County, IL",17087,White,Not Hispanic or Latino,156.0,10916.0,1429.1,902.3
2020,Illinois,17,"Kane County, IL",17089,Asian,Not Hispanic or Latino,103.0,22502.0,457.7,496.3
2020,Illinois,17,"Kane County, IL",17089,Black or African American,Not Hispanic or Latino,263.0,28188.0,933.0,1087.4
2020,Illinois,17,"Kane County, IL",17089,White,Hispanic or Latino,611.0,158798.0,384.8,678.8
2020,Illinois,17,"Kane County, IL",17089,White,Not Hispanic or Latino,3178.0,299552.0,1060.9,713.4
2020,Illinois,17,"Kane County, IL",17089,More than one race,Not Hispanic or Latino,18.0,7526.0,Unreliable,Unreliable
2020,Illinois,17,"Kankakee County, IL",17091,Black or African American,Not Hispanic or Latino,204.0,16077.0,1268.9,1382.0
2020,Illinois,17,"Kankakee County, IL",17091,White,Hispanic or Latino,56.0,10897.0,513.9,1034.9
2020,Illinois,17,"Kankakee County, IL",17091,White,Not Hispanic or Latino,1084.0,77184.0,1404.4,910.3
2020,Illinois,17,"Kendall County, IL",17093,Asian,Not Hispanic or Latino,16.0,4465.0,Unreliable,Unreliable
2020,Illinois,17,"Kendall County, IL",17093,Black or African American,Not Hispanic or Latino,49.0,10137.0,483.4,862.4
2020,Illinois,17,"Kendall County, IL",17093,White,Hispanic or Latino,67.0,25050.0,267.5,682.6
2020,Illinois,17,"Kendall County, IL",17093,White,Not Hispanic or Latino,633.0,86173.0,734.6,735.7
2020,Illinois,17,"Knox County, IL",17095,Black or African American,Not Hispanic or Latino,45.0,4006.0,1123.3,1665.7
2020,Illinois,17,"Knox County, IL",17095,White,Hispanic or Latino,16.0,2491.0,Unreliable,Unreliable
2020,Illinois,17,"Knox County, IL",17095,White,Not Hispanic or Latino,749.0,40226.0,1862.0,1042.1
2020,Illinois,17,"Lake County, IL",17097,Asian,Not Hispanic or Latino,169.0,59511.0,284.0,343.1
2020,Illinois,17,"Lake County, IL",17097,Black or African American,Not Hispanic or Latino,473.0,47788.0,989.8,1160.1
2020,Illinois,17,"Lake County, IL",17097,White,Hispanic or Latino,528.0,141861.0,372.2,707.3
2020,Illinois,17,"Lake County, IL",17097,White,Not Hispanic or Latino,4526.0,415372.0,1089.6,715.4
2020,Illinois,17,"Lake County, IL",17097,More than one race,Not Hispanic or Latino,27.0,12242.0,220.6,426.3
2020,Illinois,17,"LaSalle County, IL",17099,Black or African American,Not Hispanic or Latino,13.0,2830.0,Unreliable,Unreliable
2020,Illinois,17,"LaSalle County, IL",17099,White,Hispanic or Latino,37.0,10326.0,358.3,638.2
2020,Illinois,17,"LaSalle County, IL",17099,White,Not Hispanic or Latino,1469.0,91070.0,1613.0,973.1
2020,Illinois,17,"Lawrence County, IL",17101,White,Not Hispanic or Latino,205.0,13015.0,1575.1,1046.7
2020,Illinois,17,"Lee County, IL",17103,Black or African American,Not Hispanic or Latino,15.0,1844.0,Unreliable,Unreliable
2020,Illinois,17,"Lee County, IL",17103,White,Hispanic or Latino,12.0,2013.0,Unreliable,Unreliable
2020,Illinois,17,"Lee County, IL",17103,White,Not Hispanic or Latino,431.0,28744.0,1499.4,882.4
2020,Illinois,17,"Livingston County, IL",17105,White,Not Hispanic or Latino,499.0,31376.0,1590.4,998.4
2020,Illinois,17,"Logan County, IL",17107,White,Not Hispanic or Latino,409.0,24316.0,1682.0,1031.5
2020,Illinois,17,"McDonough County, IL",17109,Black or African American,Not Hispanic or Latino,11.0,1597.0,Unreliable,Unreliable
2020,Illinois,17,"McDonough County, IL",17109,White,Not Hispanic or Latino,354.0,25621.0,1381.7,896.4
2020,Illinois,17,"McHenry County, IL",17111,Asian,Not Hispanic or Latino,31.0,9010.0,344.1,373.7
2020,Illinois,17,"McHenry County, IL",17111,Black or African American,Not Hispanic or Latino,23.0,4784.0,480.8,802.6
2020,Illinois,17,"McHenry County, IL",17111,White,Hispanic or Latino,114.0,40155.0,283.9,585.8
2020,Illinois,17,"McHenry County, IL",17111,White,Not Hispanic or Latino,2396.0,243886.0,982.4,779.6
2020,Illinois,17,"McLean County, IL",17113,Black or African American,Not Hispanic or Latino,106.0,14210.0,746.0,1298.3
2020,Illinois,17,"McLean County, IL",17113,White,Hispanic or Latino,17.0,7589.0,Unreliable,Unreliable
2020,Illinois,17,"McLean County, IL",17113,White,Not Hispanic or Latino,1290.0,135414.0,952.6,779.6
2020,Illinois,17,"Macon County, IL",17115,Black or African American,Not Hispanic or Latino,218.0,18421.0,1183.4,1306.1
2020,Illinois,17,"Macon County, IL",17115,White,Not Hispanic or Latino,1216.0,77387.0,1571.3,894.3
2020,Illinois,17,"Macoupin County, IL",17117,White,Not Hispanic or Latino,652.0,42697.0,1527.0,978.5
2020,Illinois,17,"Madison County, IL",17119,Asian,Not Hispanic or Latino,10.0,2662.0,Unreliable,Unreliable
2020,Illinois,17,"Madison County, IL",17119,Black or African American,Not Hispanic or Latino,271.0,23195.0,1168.4,1451.7
2020,Illinois,17,"Madison County, IL",17119,White,Hispanic or Latino,31.0,8052.0,385.0,573.9
2020,Illinois,17,"Madison County, IL",17119,White,Not Hispanic or Latino,3066.0,221360.0,1385.1,942.9
2020,Illinois,17,"Marion County, IL",17121,Black or African American,Not Hispanic or Latino,20.0,1549.0,1291.2,1242.3
2020,Illinois,17,"Marion County, IL",17121,White,Not Hispanic or Latino,625.0,33665.0,1856.5,1229.4
2020,Illinois,17,"Marshall County, IL",17123,White,Not Hispanic or Latino,166.0,10652.0,1558.4,885.2
2020,Illinois,17,"Mason County, IL",17125,White,Not Hispanic or Latino,230.0,12653.0,1817.8,1068.3
2020,Illinois,17,"Massac County, IL",17127,Black or African American,Not Hispanic or Latino,15.0,853.0,Unreliable,Unreliable
2020,Illinois,17,"Massac County, IL",17127,White,Not Hispanic or Latino,224.0,11866.0,1887.7,1104.6
2020,Illinois,17,"Menard County, IL",17129,White,Not Hispanic or Latino,127.0,11487.0,1105.6,747.7
2020,Illinois,17,"Mercer County, IL",17131,White,Not Hispanic or Latino,220.0,14447.0,1522.8,877.7
2020,Illinois,17,"Monroe County, IL",17133,White,Not Hispanic or Latino,365.0,33371.0,1093.8,733.6
2020,Illinois,17,"Montgomery County, IL",17135,White,Not Hispanic or Latino,411.0,26051.0,1577.7,949.9
2020,Illinois,17,"Morgan County, IL",17137,Black or African American,Not Hispanic or Latino,16.0,2249.0,Unreliable,Unreliable
2020,Illinois,17,"Morgan County, IL",17137,White,Not Hispanic or Latino,466.0,29272.0,1592.0,960.9
2020,Illinois,17,"Moultrie County, IL",17139,White,Not Hispanic or Latino,212.0,13779.0,1538.6,1042.8
2020,Illinois,17,"Ogle County, IL",17141,White,Hispanic or Latino,19.0,5061.0,Unreliable,Unreliable
2020,Illinois,17,"Ogle County, IL",17141,White,Not Hispanic or Latino,586.0,43238.0,1355.3,853.6
2020,Illinois,17,"Peoria County, IL",17143,Asian,Not Hispanic or Latino,15.0,7380.0,Unreliable,Unreliable
2020,Illinois,17,"Peoria County, IL",17143,Black or African American,Not Hispanic or Latino,338.0,33053.0,1022.6,1235.4
2020,Illinois,17,"Peoria County, IL",17143,White,Hispanic or Latino,34.0,7484.0,454.3,774.5
2020,Illinois,17,"Peoria County, IL",17143,White,Not Hispanic or Latino,1706.0,122360.0,1394.2,868.2
2020,Illinois,17,"Perry County, IL",17145,White,Not Hispanic or Latino,261.0,17627.0,1480.7,961.9
2020,Illinois,17,"Piatt County, IL",17147,White,Not Hispanic or Latino,186.0,15666.0,1187.3,792.0
2020,Illinois,17,"Pike County, IL",17149,White,Not Hispanic or Latino,255.0,14573.0,1749.8,1034.7
2020,Illinois,17,"Pope County, IL",17151,White,Not Hispanic or Latino,53.0,3743.0,1416.0,863.8
2020,Illinois,17,"Pulaski County, IL",17153,Black or African American,Not Hispanic or Latino,31.0,1522.0,2036.8,1175.5
2020,Illinois,17,"Pulaski County, IL",17153,White,Not Hispanic or Latino,48.0,3324.0,1444.0,849.8
2020,Illinois,17,"Putnam County, IL",17155,White,Not Hispanic or Latino,56.0,5221.0,1072.6,644.0
2020,Illinois,17,"Randolph County, IL",17157,Black or African American,Not Hispanic or Latino,17.0,3316.0,Unreliable,Unreliable
2020,Illinois,17,"Randolph County, IL",17157,White,Not Hispanic or Latino,413.0,26387.0,1565.2,932.8
2020,Illinois,17,"Richland County, IL",17159,White,Not Hispanic or Latino,261.0,14709.0,1774.4,1040.4
2020,Illinois,17,"Rock Island County, IL",17161,Asian,Not Hispanic or Latino,10.0,3633.0,Unreliable,Unreliable
2020,Illinois,17,"Rock Island County, IL",17161,Black or African American,Not Hispanic or Latino,163.0,15373.0,1060.3,1307.4
2020,Illinois,17,"Rock Island County, IL",17161,White,Hispanic or Latino,87.0,16460.0,528.6,706.1
2020,Illinois,17,"Rock Island County, IL",17161,White,Not Hispanic or Latino,1686.0,98977.0,1703.4,944.5
2020,Illinois,17,"St. Clair County, IL",17163,Asian,Not Hispanic or Latino,18.0,3842.0,Unreliable,Unreliable
2020,Illinois,17,"St. Clair County, IL",17163,Black or African American,Not Hispanic or Latino,1028.0,78445.0,1310.5,1316.0
2020,Illinois,17,"St. Clair County, IL",17163,White,Hispanic or Latino,25.0,9467.0,264.1,407.6
2020,Illinois,17,"St. Clair County, IL",17163,White,Not Hispanic or Latino,2084.0,157041.0,1327.0,901.9
2020,Illinois,17,"Saline County, IL",17165,Black or African American,Not Hispanic or Latino,10.0,863.0,Unreliable,Unreliable
2020,Illinois,17,"Saline County, IL",17165,White,Not Hispanic or Latino,392.0,21197.0,1849.3,1162.4
2020,Illinois,17,"Sangamon County, IL",17167,Black or African American,Not Hispanic or Latino,225.0,25330.0,888.3,1113.4
2020,Illinois,17,"Sangamon County, IL",17167,White,Hispanic or Latino,12.0,3961.0,Unreliable,Unreliable
2020,Illinois,17,"Sangamon County, IL",17167,White,Not Hispanic or Latino,1972.0,154200.0,1278.9,837.1
2020,Illinois,17,"Schuyler County, IL",17169,White,Not Hispanic or Latino,94.0,6199.0,1516.4,851.2
2020,Illinois,17,"Scott County, IL",17171,White,Not Hispanic or Latino,68.0,4722.0,1440.1,887.5
2020,Illinois,17,"Shelby County, IL",17173,White,Not Hispanic or Latino,276.0,20598.0,1339.9,749.5
2020,Illinois,17,"Stark County, IL",17175,White,Not Hispanic or Latino,87.0,4966.0,1751.9,1054.8
2020,Illinois,17,"Stephenson County, IL",17177,Black or African American,Not Hispanic or Latino,46.0,4445.0,1034.9,1170.9
2020,Illinois,17,"Stephenson County, IL",17177,White,Not Hispanic or Latino,630.0,35581.0,1770.6,918.8
2020,Illinois,17,"Tazewell County, IL",17179,Black or African American,Not Hispanic or Latino,11.0,1752.0,Unreliable,Unreliable
2020,Illinois,17,"Tazewell County, IL",17179,White,Not Hispanic or Latino,1652.0,122319.0,1350.6,881.3
2020,Illinois,17,"Union County, IL",17181,White,Not Hispanic or Latino,280.0,14966.0,1870.9,1131.2
2020,Illinois,17,"Vermilion County, IL",17183,Black or African American,Not Hispanic or Latino,109.0,10156.0,1073.3,1438.8
2020,Illinois,17,"Vermilion County, IL",17183,White,Hispanic or Latino,13.0,3263.0,Unreliable,Unreliable
2020,Illinois,17,"Vermilion County, IL",17183,White,Not Hispanic or Latino,975.0,58153.0,1676.6,1009.8
2020,Illinois,17,"Wabash County, IL",17185,White,Not Hispanic or Latino,157.0,10516.0,1493.0,912.6
2020,Illinois,17,"Warren County, IL",17187,White,Not Hispanic or Latino,245.0,13803.0,1775.0,1054.2
2020,Illinois,17,"Washington County, IL",17189,White,Not Hispanic or Latino,179.0,13225.0,1353.5,819.5
2020,Illinois,17,"Wayne County, IL",17191,White,Not Hispanic or Latino,242.0,15394.0,1572.0,988.8
2020,Illinois,17,"White County, IL",17193,White,Not Hispanic or Latino,254.0,12828.0,1980.0,1177.6
2020,Illinois,17,"Whiteside County, IL",17195,Black or African American,Not Hispanic or Latino,12.0,824.0,Unreliable,Unreliable
2020,Illinois,17,"Whiteside County, IL",17195,White,Hispanic or Latino,49.0,6236.0,785.8,900.4
2020,Illinois,17,"Whiteside County, IL",17195,White,Not Hispanic or Latino,756.0,45822.0,1649.9,954.8
2020,Illinois,17,"Will County, IL",17197,Asian,Not Hispanic or Latino,150.0,41929.0,357.7,415.5
2020,Illinois,17,"Will County, IL",17197,Black or African American,Not Hispanic or Latino,698.0,81643.0,854.9,1028.6
2020,Illinois,17,"Will County, IL",17197,White,Hispanic or Latino,407.0,116960.0,348.0,703.9
2020,Illinois,17,"Will County, IL",17197,White,Not Hispanic or Latino,4608.0,425381.0,1083.3,848.2
2020,Illinois,17,"Will County, IL",17197,More than one race,Not Hispanic or Latino,19.0,11318.0,Unreliable,Unreliable
2020,Illinois,17,"Williamson County, IL",17199,Black or African American,Not Hispanic or Latino,27.0,3068.0,880.1,1160.8
2020,Illinois,17,"Williamson County, IL",17199,White,Not Hispanic or Latino,838.0,59097.0,1418.0,949.1
2020,Illinois,17,"Winnebago County, IL",17201,Asian,Not Hispanic or Latino,40.0,7718.0,518.3,490.6
2020,Illinois,17,"Winnebago County, IL",17201,Black or African American,Not Hispanic or Latino,427.0,38441.0,1110.8,1333.6
2020,Illinois,17,"Winnebago County, IL",17201,White,Hispanic or Latino,136.0,34079.0,399.1,722.1
2020,Illinois,17,"Winnebago County, IL",17201,White,Not Hispanic or Latino,2858.0,188302.0,1517.8,918.7
2020,Illinois,17,"Winnebago County, IL",17201,More than one race,Not Hispanic or Latino,16.0,7242.0,Unreliable,Unreliable
2020,Illinois,17,"Woodford County, IL",17203,White,Not Hispanic or Latino,441.0,36278.0,1215.6,814.5
2021 (provisional),Illinois,17,"Adams County, IL",17001,Black or African American,Not Hispanic or Latino,38.0,2550.0,1490.2,1532.4
2021 (provisional),Illinois,17,"Adams County, IL",17001,White,Not Hispanic or Latino,892.0,59042.0,1510.8,901.4
2021 (provisional),Illinois,17,"Alexander County, IL",17003,Black or African American,Not Hispanic or Latino,29.0,1683.0,1723.1,1277.7
2021 (provisional),Illinois,17,"Alexander County, IL",17003,White,Not Hispanic or Latino,74.0,3514.0,2105.9,1192.3
2021 (provisional),Illinois,17,"Bond County, IL",17005,White,Not Hispanic or Latino,207.0,14173.0,1460.5,887.4
2021 (provisional),Illinois,17,"Boone County, IL",17007,White,Hispanic or Latino,37.0,11018.0,335.8,778.3
2021 (provisional),Illinois,17,"Boone County, IL",17007,White,Not Hispanic or Latino,455.0,37752.0,1205.2,826.8
2021 (provisional),Illinois,17,"Brown County, IL",17009,White,Not Hispanic or Latino,65.0,4809.0,1351.6,946.3
2021 (provisional),Illinois,17,"Bureau County, IL",17011,White,Hispanic or Latino,15.0,2838.0,Unreliable,Unreliable
2021 (provisional),Illinois,17,"Bureau County, IL",17011,White,Not Hispanic or Latino,425.0,28136.0,1510.5,887.1
2021 (provisional),Illinois,17,"Calhoun County, IL",17013,White,Not Hispanic or Latino,68.0,4474.0,1519.9,908.5
2021 (provisional),Illinois,17,"Carroll County, IL",17015,White,Not Hispanic or Latino,211.0,13185.0,1600.3,835.4
2021 (provisional),Illinois,17,"Cass County, IL",17017,White,Not Hispanic or Latino,144.0,8790.0,1638.2,982.8
2021 (provisional),Illinois,17,"Champaign County, IL",17019,Asian,Not Hispanic or Latino,47.0,22325.0,210.5,552.3
2021 (provisional),Illinois,17,"Champaign County, IL",17019,Black or African American,Not Hispanic or Latino,264.0,28583.0,923.6,1295.3
2021 (provisional),Illinois,17,"Champaign County, IL",17019,White,Hispanic or Latino,24.0,11137.0,215.5,629.8
2021 (provisional),Illinois,17,"Champaign County, IL",17019,White,Not Hispanic or Latino,1301.0,138380.0,940.2,726.7
2021 (provisional),Illinois,17,"Christian County, IL",17021,White,Not Hispanic or Latino,493.0,30387.0,1622.4,1029.6
2021 (provisional),Illinois,17,"Clark County, IL",17023,White,Not Hispanic or Latino,233.0,14740.0,1580.7,1043.9
2021 (provisional),Illinois,17,"Clay County, IL",17025,White,Not Hispanic or Latino,180.0,12499.0,1440.1,925.6
2021 (provisional),Illinois,17,"Clinton County, IL",17027,White,Not Hispanic or Latino,354.0,34085.0,1038.6,727.4
2021 (provisional),Illinois,17,"Coles County, IL",17029,Black or African American,Not Hispanic or Latino,15.0,1946.0,Unreliable,Unreliable
2021 (provisional),Illinois,17,"Coles County, IL",17029,White,Not Hispanic or Latino,575.0,45527.0,1263.0,892.7
2021 (provisional),Illinois,17,"Cook County, IL",17031,American Indian or Alaska Native,Not Hispanic or Latino,22.0,6116.0,359.7,310.8
2021 (provisional),Illinois,17,"Cook County, IL",17031,Asian,Not Hispanic or Latino,1683.0,403784.0,416.8,397.5
2021 (provisional),Illinois,17,"Cook County, IL",17031,Black or African American,Hispanic or Latino,41.0,44831.0,91.5,141.0
2021 (provisional),Illinois,17,"Cook County, IL",17031,Black or African American,Not Hispanic or Latino,16352.0,1174662.0,1392.1,1203.7
2021 (provisional),Illinois,17,"Cook County, IL",17031,Black or African American,Not Stated,58.0,Not Applicable,Not Applicable,Not Applicable
2021 (provisional),Illinois,17,"Cook County, IL",17031,White,Hispanic or Latino,5412.0,1193748.0,453.4,640.3
2021 (provisional),Illinois,17,"Cook County, IL",17031,White,Not Hispanic or Latino,23092.0,2131758.0,1083.2,695.6
2021 (provisional),Illinois,17,"Cook County, IL",17031,White,Not Stated,154.0,Not Applicable,Not Applicable,Not Applicable
2021 (provisional),Illinois,17,"Cook County, IL",17031,More than one race,Hispanic or Latino,86.0,26155.0,328.8,664.0
2021 (provisional),Illinois,17,"Cook County, IL",17031,More than one race,Not Hispanic or Latino,140.0,81464.0,171.9,337.7
2021 (provisional),Illinois,17,"Crawford County, IL",17033,White,Not Hispanic or Latino,234.0,16766.0,1395.7,912.4
2021 (provisional),Illinois,17,"Cumberland County, IL",17035,White,Not Hispanic or Latino,156.0,10252.0,1521.7,996.3
2021 (provisional),Illinois,17,"DeKalb County, IL",17037,Black or African American,Not Hispanic or Latino,42.0,8692.0,483.2,1408.5
2021 (provisional),Illinois,17,"DeKalb County, IL",17037,White,Hispanic or Latino,29.0,11264.0,257.5,579.7
2021 (provisional),Illinois,17,"DeKalb County, IL",17037,White,Not Hispanic or Latino,814.0,78421.0,1038.0,856.3
2021 (provisional),Illinois,17,"De Witt County, IL",17039,White,Not Hispanic or Latino,229.0,14495.0,1579.9,1087.8
2021 (provisional),Illinois,17,"Douglas County, IL",17041,White,Not Hispanic or Latino,234.0,17513.0,1336.2,861.3
2021 (provisional),Illinois,17,"DuPage County, IL",17043,Asian,Not Hispanic or Latino,408.0,118600.0,344.0,351.4
2021 (provisional),Illinois,17,"DuPage County, IL",17043,Black or African American,Not Hispanic or Latino,274.0,46058.0,594.9,812.1
2021 (provisional),Illinois,17,"DuPage County, IL",17043,White,Hispanic or Latino,377.0,123688.0,304.8,530.3
2021 (provisional),Illinois,17,"DuPage County, IL",17043,White,Not Hispanic or Latino,5898.0,600575.0,982.1,647.6
2021 (provisional),Illinois,17,"DuPage County, IL",17043,More than one race,Not Hispanic or Latino,20.0,16229.0,123.2,308.4
2021 (provisional),Illinois,17,"Edgar County, IL",17045,White,Not Hispanic or Latino,276.0,16277.0,1695.6,1037.9
2021 (provisional),Illinois,17,"Edwards County, IL",17047,White,Not Hispanic or Latino,89.0,6120.0,1454.2,915.7
2021 (provisional),Illinois,17,"Effingham County, IL",17049,White,Not Hispanic or Latino,428.0,32559.0,1314.5,939.9
2021 (provisional),Illinois,17,"Fayette County, IL",17051,White,Not Hispanic or Latino,242.0,19555.0,1237.5,791.9
2021 (provisional),Illinois,17,"Ford County, IL",17053,White,Not Hispanic or Latino,232.0,11966.0,1938.8,1210.8
2021 (provisional),Illinois,17,"Franklin County, IL",17055,White,Not Hispanic or Latino,637.0,36339.0,1752.9,1159.4
2021 (provisional),Illinois,17,"Fulton County, IL",17057,White,Not Hispanic or Latino,512.0,30759.0,1664.6,998.4
2021 (provisional),Illinois,17,"Gallatin County, IL",17059,White,Not Hispanic or Latino,90.0,4565.0,1971.5,1306.9
2021 (provisional),Illinois,17,"Greene County, IL",17061,White,Not Hispanic or Latino,180.0,12221.0,1472.9,1018.3
2021 (provisional),Illinois,17,"Grundy County, IL",17063,White,Hispanic or Latino,20.0,5053.0,395.8,1028.2
2021 (provisional),Illinois,17,"Grundy County, IL",17063,White,Not Hispanic or Latino,503.0,43507.0,1156.1,950.6
2021 (provisional),Illinois,17,"Hamilton County, IL",17065,White,Not Hispanic or Latino,101.0,7704.0,1311.0,767.6
2021 (provisional),Illinois,17,"Hancock County, IL",17067,White,Not Hispanic or Latino,237.0,16678.0,1421.0,817.5
2021 (provisional),Illinois,17,"Hardin County, IL",17069,White,Not Hispanic or Latino,83.0,3610.0,2299.2,1312.8
2021 (provisional),Illinois,17,"Henderson County, IL",17071,White,Not Hispanic or Latino,108.0,6249.0,1728.3,872.4
2021 (provisional),Illinois,17,"Henry County, IL",17073,White,Not Hispanic or Latino,581.0,43513.0,1335.2,806.5
2021 (provisional),Illinois,17,"Iroquois County, IL",17075,White,Not Hispanic or Latino,404.0,23895.0,1690.7,1003.3
2021 (provisional),Illinois,17,"Jackson County, IL",17077,Black or African American,Not Hispanic or Latino,79.0,8613.0,917.2,1382.7
2021 (provisional),Illinois,17,"Jackson County, IL",17077,White,Not Hispanic or Latino,521.0,41849.0,1245.0,899.6
2021 (provisional),Illinois,17,"Jasper County, IL",17079,White,Not Hispanic or Latino,124.0,9180.0,1350.8,852.3
2021 (provisional),Illinois,17,"Jefferson County, IL",17081,Black or African American,Not Hispanic or Latino,30.0,3128.0,959.1,1432.5
2021 (provisional),Illinois,17,"Jefferson County, IL",17081,White,Not Hispanic or Latino,514.0,31711.0,1620.9,1056.2
2021 (provisional),Illinois,17,"Jersey County, IL",17083,White,Not Hispanic or Latino,310.0,20633.0,1502.4,995.7
2021 (provisional),Illinois,17,"Jo Daviess County, IL",17085,White,Not Hispanic or Latino,254.0,20035.0,1267.8,642.3
2021 (provisional),Illinois,17,"Johnson County, IL",17087,White,Not Hispanic or Latino,170.0,10916.0,1557.3,917.0
2021 (provisional),Illinois,17,"Kane County, IL",17089,Asian,Not Hispanic or Latino,96.0,22502.0,426.6,466.4
2021 (provisional),Illinois,17,"Kane County, IL",17089,Black or African American,Not Hispanic or Latino,250.0,28188.0,886.9,1025.7
2021 (provisional),Illinois,17,"Kane County, IL",17089,White,Hispanic or Latino,506.0,158798.0,318.6,557.4
2021 (provisional),Illinois,17,"Kane County, IL",17089,White,Not Hispanic or Latino,3030.0,299552.0,1011.5,684.9
2021 (provisional),Illinois,17,"Kane County, IL",17089,More than one race,Not Hispanic or Latino,12.0,7526.0,Unreliable,Unreliable
2021 (provisional),Illinois,17,"Kankakee County, IL",17091,Black or African American,Not Hispanic or Latino,226.0,16077.0,1405.7,1518.3
2021 (provisional),Illinois,17,"Kankakee County, IL",17091,White,Hispanic or Latino,53.0,10897.0,486.4,867.1
2021 (provisional),Illinois,17,"Kankakee County, IL",17091,White,Not Hispanic or Latino,1090.0,77184.0,1412.2,928.1
2021 (provisional),Illinois,17,"Kendall County, IL",17093,Asian,Not Hispanic or Latino,18.0,4465.0,Unreliable,Unreliable
2021 (provisional),Illinois,17,"Kendall County, IL",17093,Black or African American,Not Hispanic or Latino,56.0,10137.0,552.4,991.4
2021 (provisional),Illinois,17,"Kendall County, IL",17093,White,Hispanic or Latino,67.0,25050.0,267.5,651.3
2021 (provisional),Illinois,17,"Kendall County, IL",17093,White,Not Hispanic or Latino,638.0,86173.0,740.4,732.6
2021 (provisional),Illinois,17,"Knox County, IL",17095,Black or African American,Not Hispanic or Latino,35.0,4006.0,873.7,1158.6
2021 (provisional),Illinois,17,"Knox County, IL",17095,White,Hispanic or Latino,22.0,2491.0,883.2,1089.2
2021 (provisional),Illinois,17,"Knox County, IL",17095,White,Not Hispanic or Latino,669.0,40226.0,1663.1,954.1
2021 (provisional),Illinois,17,"Lake County, IL",17097,Asian,Not Hispanic or Latino,146.0,59511.0,245.3,303.3
2021 (provisional),Illinois,17,"Lake County, IL",17097,Black or African American,Not Hispanic or Latino,403.0,47788.0,843.3,947.5
2021 (provisional),Illinois,17,"Lake County, IL",17097,White,Hispanic or Latino,496.0,141861.0,349.6,657.5
2021 (provisional),Illinois,17,"Lake County, IL",17097,White,Not Hispanic or Latino,4135.0,415372.0,995.5,659.7
2021 (provisional),Illinois,17,"Lake County, IL",17097,More than one race,Not Hispanic or Latino,17.0,12242.0,Unreliable,Unreliable
2021 (provisional),Illinois,17,"LaSalle County, IL",17099,Black or African American,Not Hispanic or Latino,12.0,2830.0,Unreliable,Unreliable
2021 (provisional),Illinois,17,"LaSalle County, IL",17099,White,Hispanic or Latino,39.0,10326.0,377.7,611.4
2021 (provisional),Illinois,17,"LaSalle County, IL",17099,White,Not Hispanic or Latino,1377.0,91070.0,1512.0,936.5
2021 (provisional),Illinois,17,"Lawrence County, IL",17101,White,Not Hispanic or Latino,192.0,13015.0,1475.2,989.0
2021 (provisional),Illinois,17,"Lee County, IL",17103,Black or African American,Not Hispanic or Latino,13.0,1844.0,Unreliable,Unreliable
2021 (provisional),Illinois,17,"Lee County, IL",17103,White,Not Hispanic or Latino,398.0,28744.0,1384.6,847.1
2021 (provisional),Illinois,17,"Livingston County, IL",17105,White,Hispanic or Latino,10.0,1526.0,Unreliable,Unreliable
2021 (provisional),Illinois,17,"Livingston County, IL",17105,White,Not Hispanic or Latino,466.0,31376.0,1485.2,910.6
2021 (provisional),Illinois,17,"Logan County, IL",17107,White,Not Hispanic or Latino,325.0,24316.0,1336.6,823.2
2021 (provisional),Illinois,17,"McDonough County, IL",17109,White,Not Hispanic or Latino,318.0,25621.0,1241.2,787.4
2021 (provisional),Illinois,17,"McHenry County, IL",17111,Asian,Not Hispanic or Latino,41.0,9010.0,455.0,471.0
2021 (provisional),Illinois,17,"McHenry County, IL",17111,Black or African American,Not Hispanic or Latino,24.0,4784.0,501.7,558.1
2021 (provisional),Illinois,17,"McHenry County, IL",17111,White,Hispanic or Latino,86.0,40155.0,214.2,445.8
2021 (provisional),Illinois,17,"McHenry County, IL",17111,White,Not Hispanic or Latino,2377.0,243886.0,974.6,763.7
2021 (provisional),Illinois,17,"McLean County, IL",17113,Black or African American,Not Hispanic or Latino,118.0,14210.0,830.4,1413.6
2021 (provisional),Illinois,17,"McLean County, IL",17113,White,Hispanic or Latino,13.0,7589.0,Unreliable,Unreliable
2021 (provisional),Illinois,17,"McLean County, IL",17113,White,Not Hispanic or Latino,1267.0,135414.0,935.6,759.3
2021 (provisional),Illinois,17,"Macon County, IL",17115,Black or African American,Not Hispanic or Latino,237.0,18421.0,1286.6,1370.9
2021 (provisional),Illinois,17,"Macon County, IL",17115,White,Not Hispanic or Latino,1188.0,77387.0,1535.1,903.3
2021 (provisional),Illinois,17,"Macoupin County, IL",17117,White,Not Hispanic or Latino,638.0,42697.0,1494.3,965.9
2021 (provisional),Illinois,17,"Madison County, IL",17119,Asian,Not Hispanic or Latino,16.0,2662.0,Unreliable,Unreliable
2021 (provisional),Illinois,17,"Madison County, IL",17119,Black or African American,Not Hispanic or Latino,276.0,23195.0,1189.9,1448.6
2021 (provisional),Illinois,17,"Madison County, IL",17119,White,Hispanic or Latino,16.0,8052.0,Unreliable,Unreliable
2021 (provisional),Illinois,17,"Madison County, IL",17119,White,Not Hispanic or Latino,3059.0,221360.0,1381.9,958.4
2021 (provisional),Illinois,17,"Marion County, IL",17121,Black or African American,Not Hispanic or Latino,29.0,1549.0,1872.2,2022.6
2021 (provisional),Illinois,17,"Marion County, IL",17121,White,Not Hispanic or Latino,562.0,33665.0,1669.4,1081.8
2021 (provisional),Illinois,17,"Marshall County, IL",17123,White,Not Hispanic or Latino,182.0,10652.0,1708.6,1020.9
2021 (provisional),Illinois,17,"Mason County, IL",17125,White,Not Hispanic or Latino,221.0,12653.0,1746.6,1082.6
2021 (provisional),Illinois,17,"Massac County, IL",17127,Black or African American,Not Hispanic or Latino,15.0,853.0,Unreliable,Unreliable
2021 (provisional),Illinois,17,"Massac County, IL",17127,White,Not Hispanic or Latino,222.0,11866.0,1870.9,1105.1
2021 (provisional),Illinois,17,"Menard County, IL",17129,White,Not Hispanic or Latino,161.0,11487.0,1401.6,923.5
2021 (provisional),Illinois,17,"Mercer County, IL",17131,White,Not Hispanic or Latino,206.0,14447.0,1425.9,867.1
2021 (provisional),Illinois,17,"Monroe County, IL",17133,White,Not Hispanic or Latino,354.0,33371.0,1060.8,724.0
2021 (provisional),Illinois,17,"Montgomery County, IL",17135,White,Not Hispanic or Latino,452.0,26051.0,1735.1,1101.8
2021 (provisional),Illinois,17,"Morgan County, IL",17137,Black or African American,Not Hispanic or Latino,13.0,2249.0,Unreliable,Unreliable
2021 (provisional),Illinois,17,"Morgan County, IL",17137,White,Not Hispanic or Latino,419.0,29272.0,1431.4,859.8
2021 (provisional),Illinois,17,"Moultrie County, IL",17139,White,Not Hispanic or Latino,214.0,13779.0,1553.1,1033.8
2021 (provisional),Illinois,17,"Ogle County, IL",17141,White,Hispanic or Latino,19.0,5061.0,Unreliable,Unreliable
2021 (provisional),Illinois,17,"Ogle County, IL",17141,White,Not Hispanic or Latino,566.0,43238.0,1309.0,842.7
2021 (provisional),Illinois,17,"Peoria County, IL",17143,Asian,Not Hispanic or Latino,11.0,7380.0,Unreliable,Unreliable
2021 (provisional),Illinois,17,"Peoria County, IL",17143,Black or African American,Not Hispanic or Latino,390.0,33053.0,1179.9,1440.9
2021 (provisional),Illinois,17,"Peoria County, IL",17143,White,Hispanic or Latino,24.0,7484.0,320.7,588.2
2021 (provisional),Illinois,17,"Peoria County, IL",17143,White,Not Hispanic or Latino,1716.0,122360.0,1402.4,880.5
2021 (provisional),Illinois,17,"Perry County, IL",17145,White,Not Hispanic or Latino,290.0,17627.0,1645.2,1091.5
2021 (provisional),Illinois,17,"Piatt County, IL",17147,White,Not Hispanic or Latino,207.0,15666.0,1321.3,893.3
2021 (provisional),Illinois,17,"Pike County, IL",17149,White,Not Hispanic or Latino,233.0,14573.0,1598.8,1000.8
2021 (provisional),Illinois,17,"Pope County, IL",17151,White,Not Hispanic or Latino,68.0,3743.0,1816.7,963.5
2021 (provisional),Illinois,17,"Pulaski County, IL",17153,Black or African American,Not Hispanic or Latino,29.0,1522.0,1905.4,1151.8
2021 (provisional),Illinois,17,"Pulaski County, IL",17153,White,Not Hispanic or Latino,77.0,3324.0,2316.5,1375.9
2021 (provisional),Illinois,17,"Putnam County, IL",17155,White,Not Hispanic or Latino,69.0,5221.0,1321.6,810.5
2021 (provisional),Illinois,17,"Randolph County, IL",17157,Black or African American,Not Hispanic or Latino,20.0,3316.0,603.1,1334.5
2021 (provisional),Illinois,17,"Randolph County, IL",17157,White,Not Hispanic or Latino,421.0,26387.0,1595.5,991.5
2021 (provisional),Illinois,17,"Richland County, IL",17159,White,Not Hispanic or Latino,261.0,14709.0,1774.4,1112.9
2021 (provisional),Illinois,17,"Rock Island County, IL",17161,Asian,Not Hispanic or Latino,11.0,3633.0,Unreliable,Unreliable
2021 (provisional),Illinois,17,"Rock Island County, IL",17161,Black or African American,Not Hispanic or Latino,139.0,15373.0,904.2,1127.9
2021 (provisional),Illinois,17,"Rock Island County, IL",17161,White,Hispanic or Latino,87.0,16460.0,528.6,707.6
2021 (provisional),Illinois,17,"Rock Island County, IL",17161,White,Not Hispanic or Latino,1536.0,98977.0,1551.9,886.9
2021 (provisional),Illinois,17,"St. Clair County, IL",17163,Asian,Not Hispanic or Latino,22.0,3842.0,572.6,489.5
2021 (provisional),Illinois,17,"St. Clair County, IL",17163,Black or African American,Not Hispanic or Latino,1014.0,78445.0,1292.6,1294.5
2021 (provisional),Illinois,17,"St. Clair County, IL",17163,White,Hispanic or Latino,27.0,9467.0,285.2,445.4
2021 (provisional),Illinois,17,"St. Clair County, IL",17163,White,Not Hispanic or Latino,1989.0,157041.0,1266.5,864.1
2021 (provisional),Illinois,17,"Saline County, IL",17165,Black or African American,Not Hispanic or Latino,13.0,863.0,Unreliable,Unreliable
2021 (provisional),Illinois,17,"Saline County, IL",17165,White,Not Hispanic or Latino,409.0,21197.0,1929.5,1247.8
2021 (provisional),Illinois,17,"Sangamon County, IL",17167,Asian,Not Hispanic or Latino,14.0,4225.0,Unreliable,Unreliable
2021 (provisional),Illinois,17,"Sangamon County, IL",17167,Black or African American,Not Hispanic or Latino,237.0,25330.0,935.6,1195.6
2021 (provisional),Illinois,17,"Sangamon County, IL",17167,White,Hispanic or Latino,16.0,3961.0,Unreliable,Unreliable
2021 (provisional),Illinois,17,"Sangamon County, IL",17167,White,Not Hispanic or Latino,1841.0,154200.0,1193.9,781.9
2021 (provisional),Illinois,17,"Schuyler County, IL",17169,White,Not Hispanic or Latino,105.0,6199.0,1693.8,1000.3
2021 (provisional),Illinois,17,"Scott County, IL",17171,White,Not Hispanic or Latino,69.0,4722.0,1461.2,980.4
2021 (provisional),Illinois,17,"Shelby County, IL",17173,White,Not Hispanic or Latino,318.0,20598.0,1543.8,938.3
2021 (provisional),Illinois,17,"Stark County, IL",17175,White,Not Hispanic or Latino,97.0,4966.0,1953.3,1219.3
2021 (provisional),Illinois,17,"Stephenson County, IL",17177,Black or African American,Not Hispanic or Latino,53.0,4445.0,1192.4,1368.1
2021 (provisional),Illinois,17,"Stephenson County, IL",17177,White,Not Hispanic or Latino,591.0,35581.0,1661.0,847.0
2021 (provisional),Illinois,17,"Tazewell County, IL",17179,Asian,Not Hispanic or Latino,10.0,1191.0,Unreliable,Unreliable
2021 (provisional),Illinois,17,"Tazewell County, IL",17179,Black or African American,Not Hispanic or Latino,18.0,1752.0,Unreliable,Unreliable
2021 (provisional),Illinois,17,"Tazewell County, IL",17179,White,Not Hispanic or Latino,1684.0,122319.0,1376.7,909.1
2021 (provisional),Illinois,17,"Union County, IL",17181,White,Not Hispanic or Latino,267.0,14966.0,1784.0,1095.5
2021 (provisional),Illinois,17,"Vermilion County, IL",17183,Black or African American,Not Hispanic or Latino,119.0,10156.0,1171.7,1514.2
2021 (provisional),Illinois,17,"Vermilion County, IL",17183,White,Hispanic or Latino,15.0,3263.0,Unreliable,Unreliable
2021 (provisional),Illinois,17,"Vermilion County, IL",17183,White,Not Hispanic or Latino,1042.0,58153.0,1791.8,1097.9
2021 (provisional),Illinois,17,"Wabash County, IL",17185,White,Not Hispanic or Latino,161.0,10516.0,1531.0,897.7
2021 (provisional),Illinois,17,"Warren County, IL",17187,White,Not Hispanic or Latino,205.0,13803.0,1485.2,896.5
2021 (provisional),Illinois,17,"Washington County, IL",17189,White,Not Hispanic or Latino,166.0,13225.0,1255.2,809.9
2021 (provisional),Illinois,17,"Wayne County, IL",17191,White,Not Hispanic or Latino,238.0,15394.0,1546.1,1004.5
2021 (provisional),Illinois,17,"White County, IL",17193,White,Not Hispanic or Latino,247.0,12828.0,1925.5,1144.9
2021 (provisional),Illinois,17,"Whiteside County, IL",17195,White,Hispanic or Latino,37.0,6236.0,593.3,656.9
2021 (provisional),Illinois,17,"Whiteside County, IL",17195,White,Not Hispanic or Latino,708.0,45822.0,1545.1,924.9
2021 (provisional),Illinois,17,"Will County, IL",17197,Asian,Not Hispanic or Latino,128.0,41929.0,305.3,368.8
2021 (provisional),Illinois,17,"Will County, IL",17197,Black or African American,Not Hispanic or Latino,638.0,81643.0,781.5,948.4
2021 (provisional),Illinois,17,"Will County, IL",17197,White,Hispanic or Latino,388.0,116960.0,331.7,614.5
2021 (provisional),Illinois,17,"Will County, IL",17197,White,Not Hispanic or Latino,4341.0,425381.0,1020.5,799.9
2021 (provisional),Illinois,17,"Will County, IL",17197,More than one race,Not Hispanic or Latino,19.0,11318.0,Unreliable,Unreliable
2021 (provisional),Illinois,17,"Williamson County, IL",17199,Black or African American,Not Hispanic or Latino,19.0,3068.0,Unreliable,Unreliable
2021 (provisional),Illinois,17,"Williamson County, IL",17199,White,Not Hispanic or Latino,863.0,59097.0,1460.3,989.0
2021 (provisional),Illinois,17,"Winnebago County, IL",17201,Asian,Not Hispanic or Latino,33.0,7718.0,427.6,434.7
2021 (provisional),Illinois,17,"Winnebago County, IL",17201,Black or African American,Not Hispanic or Latino,468.0,38441.0,1217.5,1438.8
2021 (provisional),Illinois,17,"Winnebago County, IL",17201,White,Hispanic or Latino,143.0,34079.0,419.6,720.7
2021 (provisional),Illinois,17,"Winnebago County, IL",17201,White,Not Hispanic or Latino,2847.0,188302.0,1511.9,927.2
2021 (provisional),Illinois,17,"Winnebago County, IL",17201,More than one race,Not Hispanic or Latino,26.0,7242.0,359.0,1048.3
2021 (provisional),Illinois,17,"Woodford County, IL",17203,White,Not Hispanic or Latino,417.0,36278.0,1149.5,758.9
2022 (provisional and partial),Illinois,17,"Adams County, IL",17001,White,Not Hispanic or Latino,137.0,59042.0,232.0,136.2
2022 (provisional and partial),Illinois,17,"Alexander County, IL",17003,White,Not Hispanic or Latino,10.0,3514.0,Unreliable,Unreliable
2022 (provisional and partial),Illinois,17,"Bond County, IL",17005,White,Not Hispanic or Latino,31.0,14173.0,218.7,138.1
2022 (provisional and partial),Illinois,17,"Boone County, IL",17007,White,Not Hispanic or Latino,74.0,37752.0,196.0,132.1
2022 (provisional and partial),Illinois,17,"Brown County, IL",17009,White,Not Hispanic or Latino,10.0,4809.0,Unreliable,Unreliable
2022 (provisional and partial),Illinois,17,"Bureau County, IL",17011,White,Not Hispanic or Latino,53.0,28136.0,188.4,115.8
2022 (provisional and partial),Illinois,17,"Calhoun County, IL",17013,White,Not Hispanic or Latino,15.0,4474.0,Unreliable,Unreliable
2022 (provisional and partial),Illinois,17,"Carroll County, IL",17015,White,Not Hispanic or Latino,42.0,13185.0,318.5,160.2
2022 (provisional and partial),Illinois,17,"Cass County, IL",17017,White,Not Hispanic or Latino,17.0,8790.0,Unreliable,Unreliable
2022 (provisional and partial),Illinois,17,"Champaign County, IL",17019,Black or African American,Not Hispanic or Latino,33.0,28583.0,115.5,162.2
2022 (provisional and partial),Illinois,17,"Champaign County, IL",17019,White,Not Hispanic or Latino,207.0,138380.0,149.6,113.4
2022 (provisional and partial),Illinois,17,"Christian County, IL",17021,White,Not Hispanic or Latino,88.0,30387.0,289.6,183.7
2022 (provisional and partial),Illinois,17,"Clark County, IL",17023,White,Not Hispanic or Latino,36.0,14740.0,244.2,158.0
2022 (provisional and partial),Illinois,17,"Clay County, IL",17025,White,Not Hispanic or Latino,28.0,12499.0,224.0,147.6
2022 (provisional and partial),Illinois,17,"Clinton County, IL",17027,White,Not Hispanic or Latino,56.0,34085.0,164.3,111.7
2022 (provisional and partial),Illinois,17,"Coles County, IL",17029,White,Not Hispanic or Latino,99.0,45527.0,217.5,152.6
2022 (provisional and partial),Illinois,17,"Cook County, IL",17031,Asian,Not Hispanic or Latino,279.0,403784.0,69.1,66.2
2022 (provisional and partial),Illinois,17,"Cook County, IL",17031,Black or African American,Not Hispanic or Latino,2291.0,1174662.0,195.0,166.1
2022 (provisional and partial),Illinois,17,"Cook County, IL",17031,White,Hispanic or Latino,910.0,1193748.0,76.2,111.0
2022 (provisional and partial),Illinois,17,"Cook County, IL",17031,White,Not Hispanic or Latino,3795.0,2131758.0,178.0,112.5
2022 (provisional and partial),Illinois,17,"Cook County, IL",17031,White,Not Stated,11.0,Not Applicable,Not Applicable,Not Applicable
2022 (provisional and partial),Illinois,17,"Cook County, IL",17031,More than one race,Hispanic or Latino,10.0,26155.0,Unreliable,Unreliable
2022 (provisional and partial),Illinois,17,"Cook County, IL",17031,More than one race,Not Hispanic or Latino,18.0,81464.0,Unreliable,Unreliable
2022 (provisional and partial),Illinois,17,"Crawford County, IL",17033,White,Not Hispanic or Latino,39.0,16766.0,232.6,152.9
2022 (provisional and partial),Illinois,17,"Cumberland County, IL",17035,White,Not Hispanic or Latino,21.0,10252.0,204.8,122.2
2022 (provisional and partial),Illinois,17,"DeKalb County, IL",17037,White,Not Hispanic or Latino,113.0,78421.0,144.1,122.0
2022 (provisional and partial),Illinois,17,"De Witt County, IL",17039,White,Not Hispanic or Latino,33.0,14495.0,227.7,148.7
2022 (provisional and partial),Illinois,17,"Douglas County, IL",17041,White,Not Hispanic or Latino,42.0,17513.0,239.8,158.7
2022 (provisional and partial),Illinois,17,"DuPage County, IL",17043,Asian,Not Hispanic or Latino,64.0,118600.0,54.0,54.8
2022 (provisional and partial),Illinois,17,"DuPage County, IL",17043,Black or African American,Not Hispanic or Latino,39.0,46058.0,84.7,113.9
2022 (provisional and partial),Illinois,17,"DuPage County, IL",17043,White,Hispanic or Latino,79.0,123688.0,63.9,114.9
2022 (provisional and partial),Illinois,17,"DuPage County, IL",17043,White,Not Hispanic or Latino,999.0,600575.0,166.3,111.0
2022 (provisional and partial),Illinois,17,"Edgar County, IL",17045,White,Not Hispanic or Latino,43.0,16277.0,264.2,163.9
2022 (provisional and partial),Illinois,17,"Edwards County, IL",17047,White,Not Hispanic or Latino,17.0,6120.0,Unreliable,Unreliable
2022 (provisional and partial),Illinois,17,"Effingham County, IL",17049,White,Not Hispanic or Latino,62.0,32559.0,190.4,140.0
2022 (provisional and partial),Illinois,17,"Fayette County, IL",17051,White,Not Hispanic or Latino,56.0,19555.0,286.4,181.5
2022 (provisional and partial),Illinois,17,"Ford County, IL",17053,White,Not Hispanic or Latino,38.0,11966.0,317.6,207.2
2022 (provisional and partial),Illinois,17,"Franklin County, IL",17055,White,Not Hispanic or Latino,105.0,36339.0,288.9,190.6
2022 (provisional and partial),Illinois,17,"Fulton County, IL",17057,White,Not Hispanic or Latino,93.0,30759.0,302.4,181.6
2022 (provisional and partial),Illinois,17,"Gallatin County, IL",17059,White,Not Hispanic or Latino,21.0,4565.0,460.0,270.1
2022 (provisional and partial),Illinois,17,"Greene County, IL",17061,White,Not Hispanic or Latino,34.0,12221.0,278.2,172.5
2022 (provisional and partial),Illinois,17,"Grundy County, IL",17063,White,Not Hispanic or Latino,88.0,43507.0,202.3,162.7
2022 (provisional and partial),Illinois,17,"Hamilton County, IL",17065,White,Not Hispanic or Latino,19.0,7704.0,Unreliable,Unreliable
2022 (provisional and partial),Illinois,17,"Hancock County, IL",17067,White,Not Hispanic or Latino,42.0,16678.0,251.8,163.2
2022 (provisional and partial),Illinois,17,"Henderson County, IL",17071,White,Not Hispanic or Latino,11.0,6249.0,Unreliable,Unreliable
2022 (provisional and partial),Illinois,17,"Henry County, IL",17073,White,Not Hispanic or Latino,79.0,43513.0,181.6,112.6
2022 (provisional and partial),Illinois,17,"Iroquois County, IL",17075,White,Not Hispanic or Latino,75.0,23895.0,313.9,166.3
2022 (provisional and partial),Illinois,17,"Jackson County, IL",17077,White,Not Hispanic or Latino,72.0,41849.0,172.0,121.5
2022 (provisional and partial),Illinois,17,"Jasper County, IL",17079,White,Not Hispanic or Latino,15.0,9180.0,Unreliable,Unreliable
2022 (provisional and partial),Illinois,17,"Jefferson County, IL",17081,White,Not Hispanic or Latino,65.0,31711.0,205.0,140.2
2022 (provisional and partial),Illinois,17,"Jersey County, IL",17083,White,Not Hispanic or Latino,45.0,20633.0,218.1,149.5
2022 (provisional and partial),Illinois,17,"Jo Daviess County, IL",17085,White,Not Hispanic or Latino,52.0,20035.0,259.5,129.0
2022 (provisional and partial),Illinois,17,"Johnson County, IL",17087,White,Not Hispanic or Latino,18.0,10916.0,Unreliable,Unreliable
2022 (provisional and partial),Illinois,17,"Kane County, IL",17089,Asian,Not Hispanic or Latino,12.0,22502.0,Unreliable,Unreliable
2022 (provisional and partial),Illinois,17,"Kane County, IL",17089,Black or African American,Not Hispanic or Latino,36.0,28188.0,127.7,140.0
2022 (provisional and partial),Illinois,17,"Kane County, IL",17089,White,Hispanic or Latino,97.0,158798.0,61.1,118.1
2022 (provisional and partial),Illinois,17,"Kane County, IL",17089,White,Not Hispanic or Latino,557.0,299552.0,185.9,125.9
2022 (provisional and partial),Illinois,17,"Kankakee County, IL",17091,Black or African American,Not Hispanic or Latino,27.0,16077.0,167.9,190.4
2022 (provisional and partial),Illinois,17,"Kankakee County, IL",17091,White,Not Hispanic or Latino,155.0,77184.0,200.8,125.1
2022 (provisional and partial),Illinois,17,"Kendall County, IL",17093,Black or African American,Not Hispanic or Latino,10.0,10137.0,Unreliable,Unreliable
2022 (provisional and partial),Illinois,17,"Kendall County, IL",17093,White,Hispanic or Latino,12.0,25050.0,Unreliable,Unreliable
2022 (provisional and partial),Illinois,17,"Kendall County, IL",17093,White,Not Hispanic or Latino,105.0,86173.0,121.8,122.7
2022 (provisional and partial),Illinois,17,"Knox County, IL",17095,White,Not Hispanic or Latino,104.0,40226.0,258.5,140.6
2022 (provisional and partial),Illinois,17,"Lake County, IL",17097,Asian,Not Hispanic or Latino,18.0,59511.0,Unreliable,Unreliable
2022 (provisional and partial),Illinois,17,"Lake County, IL",17097,Black or African American,Not Hispanic or Latino,70.0,47788.0,146.5,169.3
2022 (provisional and partial),Illinois,17,"Lake County, IL",17097,White,Hispanic or Latino,89.0,141861.0,62.7,123.1
2022 (provisional and partial),Illinois,17,"Lake County, IL",17097,White,Not Hispanic or Latino,669.0,415372.0,161.1,105.3
2022 (provisional and partial),Illinois,17,"LaSalle County, IL",17099,White,Not Hispanic or Latino,231.0,91070.0,253.7,154.4
2022 (provisional and partial),Illinois,17,"Lawrence County, IL",17101,White,Not Hispanic or Latino,27.0,13015.0,207.5,142.0
2022 (provisional and partial),Illinois,17,"Lee County, IL",17103,White,Not Hispanic or Latino,67.0,28744.0,233.1,134.8
2022 (provisional and partial),Illinois,17,"Livingston County, IL",17105,White,Not Hispanic or Latino,90.0,31376.0,286.8,188.2
2022 (provisional and partial),Illinois,17,"Logan County, IL",17107,White,Not Hispanic or Latino,54.0,24316.0,222.1,139.5
2022 (provisional and partial),Illinois,17,"McDonough County, IL",17109,White,Not Hispanic or Latino,55.0,25621.0,214.7,161.2
2022 (provisional and partial),Illinois,17,"McHenry County, IL",17111,White,Hispanic or Latino,16.0,40155.0,Unreliable,Unreliable
2022 (provisional and partial),Illinois,17,"McHenry County, IL",17111,White,Not Hispanic or Latino,390.0,243886.0,159.9,124.7
2022 (provisional and partial),Illinois,17,"McLean County, IL",17113,Black or African American,Not Hispanic or Latino,15.0,14210.0,Unreliable,Unreliable
2022 (provisional and partial),Illinois,17,"McLean County, IL",17113,White,Not Hispanic or Latino,199.0,135414.0,147.0,119.4
2022 (provisional and partial),Illinois,17,"Macon County, IL",17115,Black or African American,Not Hispanic or Latino,28.0,18421.0,152.0,180.6
2022 (provisional and partial),Illinois,17,"Macon County, IL",17115,White,Not Hispanic or Latino,213.0,77387.0,275.2,161.9
2022 (provisional and partial),Illinois,17,"Macoupin County, IL",17117,White,Not Hispanic or Latino,96.0,42697.0,224.8,135.5
2022 (provisional and partial),Illinois,17,"Madison County, IL",17119,Black or African American,Not Hispanic or Latino,44.0,23195.0,189.7,229.2
2022 (provisional and partial),Illinois,17,"Madison County, IL",17119,White,Not Hispanic or Latino,479.0,221360.0,216.4,152.2
2022 (provisional and partial),Illinois,17,"Marion County, IL",17121,White,Not Hispanic or Latino,92.0,33665.0,273.3,177.4
2022 (provisional and partial),Illinois,17,"Marshall County, IL",17123,White,Not Hispanic or Latino,31.0,10652.0,291.0,161.4
2022 (provisional and partial),Illinois,17,"Mason County, IL",17125,White,Not Hispanic or Latino,30.0,12653.0,237.1,150.5
2022 (provisional and partial),Illinois,17,"Massac County, IL",17127,White,Not Hispanic or Latino,41.0,11866.0,345.5,204.5
2022 (provisional and partial),Illinois,17,"Menard County, IL",17129,White,Not Hispanic or Latino,31.0,11487.0,269.9,184.3
2022 (provisional and partial),Illinois,17,"Mercer County, IL",17131,White,Not Hispanic or Latino,36.0,14447.0,249.2,144.7
2022 (provisional and partial),Illinois,17,"Monroe County, IL",17133,White,Not Hispanic or Latino,61.0,33371.0,182.8,123.2
2022 (provisional and partial),Illinois,17,"Montgomery County, IL",17135,White,Not Hispanic or Latino,72.0,26051.0,276.4,166.4
2022 (provisional and partial),Illinois,17,"Morgan County, IL",17137,White,Not Hispanic or Latino,85.0,29272.0,290.4,174.1
2022 (provisional and partial),Illinois,17,"Moultrie County, IL",17139,White,Not Hispanic or Latino,26.0,13779.0,188.7,124.4
2022 (provisional and partial),Illinois,17,"Ogle County, IL",17141,White,Not Hispanic or Latino,98.0,43238.0,226.7,147.1
2022 (provisional and partial),Illinois,17,"Peoria County, IL",17143,Black or African American,Not Hispanic or Latino,61.0,33053.0,184.6,223.5
2022 (provisional and partial),Illinois,17,"Peoria County, IL",17143,White,Not Hispanic or Latino,293.0,122360.0,239.5,150.2
2022 (provisional and partial),Illinois,17,"Perry County, IL",17145,White,Not Hispanic or Latino,45.0,17627.0,255.3,159.0
2022 (provisional and partial),Illinois,17,"Piatt County, IL",17147,White,Not Hispanic or Latino,21.0,15666.0,134.0,87.0
2022 (provisional and partial),Illinois,17,"Pike County, IL",17149,White,Not Hispanic or Latino,36.0,14573.0,247.0,149.8
2022 (provisional and partial),Illinois,17,"Pope County, IL",17151,White,Not Hispanic or Latino,11.0,3743.0,Unreliable,Unreliable
2022 (provisional and partial),Illinois,17,"Pulaski County, IL",17153,White,Not Hispanic or Latino,17.0,3324.0,Unreliable,Unreliable
2022 (provisional and partial),Illinois,17,"Randolph County, IL",17157,White,Not Hispanic or Latino,51.0,26387.0,193.3,114.8
2022 (provisional and partial),Illinois,17,"Richland County, IL",17159,White,Not Hispanic or Latino,42.0,14709.0,285.5,179.9
2022 (provisional and partial),Illinois,17,"Rock Island County, IL",17161,Black or African American,Not Hispanic or Latino,25.0,15373.0,162.6,189.3
2022 (provisional and partial),Illinois,17,"Rock Island County, IL",17161,White,Hispanic or Latino,13.0,16460.0,Unreliable,Unreliable
2022 (provisional and partial),Illinois,17,"Rock Island County, IL",17161,White,Not Hispanic or Latino,205.0,98977.0,207.1,116.8
2022 (provisional and partial),Illinois,17,"St. Clair County, IL",17163,Black or African American,Not Hispanic or Latino,124.0,78445.0,158.1,157.1
2022 (provisional and partial),Illinois,17,"St. Clair County, IL",17163,White,Not Hispanic or Latino,261.0,157041.0,166.2,111.2
2022 (provisional and partial),Illinois,17,"Saline County, IL",17165,White,Not Hispanic or Latino,54.0,21197.0,254.8,164.8
2022 (provisional and partial),Illinois,17,"Sangamon County, IL",17167,Black or African American,Not Hispanic or Latino,47.0,25330.0,185.6,233.9
2022 (provisional and partial),Illinois,17,"Sangamon County, IL",17167,White,Not Hispanic or Latino,287.0,154200.0,186.1,124.0
2022 (provisional and partial),Illinois,17,"Schuyler County, IL",17169,White,Not Hispanic or Latino,17.0,6199.0,Unreliable,Unreliable
2022 (provisional and partial),Illinois,17,"Scott County, IL",17171,White,Not Hispanic or Latino,14.0,4722.0,Unreliable,Unreliable
2022 (provisional and partial),Illinois,17,"Shelby County, IL",17173,White,Not Hispanic or Latino,56.0,20598.0,271.9,164.3
2022 (provisional and partial),Illinois,17,"Stephenson County, IL",17177,White,Not Hispanic or Latino,85.0,35581.0,238.9,119.3
2022 (provisional and partial),Illinois,17,"Tazewell County, IL",17179,White,Not Hispanic or Latino,270.0,122319.0,220.7,145.6
2022 (provisional and partial),Illinois,17,"Union County, IL",17181,White,Not Hispanic or Latino,39.0,14966.0,260.6,158.0
2022 (provisional and partial),Illinois,17,"Vermilion County, IL",17183,Black or African American,Not Hispanic or Latino,21.0,10156.0,206.8,278.2
2022 (provisional and partial),Illinois,17,"Vermilion County, IL",17183,White,Not Hispanic or Latino,177.0,58153.0,304.4,183.3
2022 (provisional and partial),Illinois,17,"Wabash County, IL",17185,White,Not Hispanic or Latino,24.0,10516.0,228.2,138.0
2022 (provisional and partial),Illinois,17,"Warren County, IL",17187,White,Not Hispanic or Latino,34.0,13803.0,246.3,158.2
2022 (provisional and partial),Illinois,17,"Washington County, IL",17189,White,Not Hispanic or Latino,24.0,13225.0,181.5,106.0
2022 (provisional and partial),Illinois,17,"Wayne County, IL",17191,White,Not Hispanic or Latino,44.0,15394.0,285.8,165.4
2022 (provisional and partial),Illinois,17,"White County, IL",17193,White,Not Hispanic or Latino,42.0,12828.0,327.4,182.8
2022 (provisional and partial),Illinois,17,"Whiteside County, IL",17195,White,Not Hispanic or Latino,122.0,45822.0,266.2,160.4
2022 (provisional and partial),Illinois,17,"Will County, IL",17197,Asian,Not Hispanic or Latino,20.0,41929.0,47.7,59.3
2022 (provisional and partial),Illinois,17,"Will County, IL",17197,Black or African American,Not Hispanic or Latino,127.0,81643.0,155.6,195.1
2022 (provisional and partial),Illinois,17,"Will County, IL",17197,White,Hispanic or Latino,59.0,116960.0,50.4,109.2
2022 (provisional and partial),Illinois,17,"Will County, IL",17197,White,Not Hispanic or Latino,745.0,425381.0,175.1,136.5
2022 (provisional and partial),Illinois,17,"Williamson County, IL",17199,White,Not Hispanic or Latino,133.0,59097.0,225.1,153.1
2022 (provisional and partial),Illinois,17,"Winnebago County, IL",17201,Black or African American,Not Hispanic or Latino,73.0,38441.0,189.9,237.8
2022 (provisional and partial),Illinois,17,"Winnebago County, IL",17201,White,Hispanic or Latino,21.0,34079.0,61.6,109.8
2022 (provisional and partial),Illinois,17,"Winnebago County, IL",17201,White,Not Hispanic or Latino,493.0,188302.0,261.8,160.6
2022 (provisional and partial),Illinois,17,"Woodford County, IL",17203,White,Not Hispanic or Latino,52.0,36278.0,143.3,93.4
